BattleSpecialsBitmask,FortesBitmask,TechniquesBitmask,ShrineMonsterId,MonsterTypeId,Lifespan,Nature,GrowthTypeId,Lif,Pow,IQ,Ski,Spd,Def,LifGainLvl,PowGainLvl,IQGainLvl,SkiGainLvl,SpdGainLvl,DefGainLvl,ArenaSpeedLvl,FramesPerGut,DiffersFromBaseline,OffsetsApplied
131,0,9,1,1,300,-45,2,50,80,170,150,140,60,1,2,5,4,4,1,1,7,0,1
131,0,9,2,2,280,-60,2,90,110,190,140,120,80,2,3,5,4,3,2,2,12,0,1
131,4096,9,3,3,300,55,1,70,80,170,150,100,60,2,2,5,4,3,1,1,9,0,1
131,256,9,4,4,380,-70,3,50,80,170,100,140,60,2,2,5,3,4,1,1,8,0,1
131,0,9,5,5,320,15,3,80,110,150,120,100,130,2,3,4,3,3,3,3,11,0,1
131,4,9,6,6,320,-10,1,70,80,130,150,140,90,2,2,4,4,4,2,2,9,0,1
131,1,9,7,7,340,-50,4,80,110,140,150,100,130,2,3,4,4,3,3,3,10,0,1
131,0,9,8,8,300,55,2,50,80,170,150,140,60,1,2,5,4,4,1,1,8,0,1
131,0,521,9,9,300,25,1,70,100,110,150,140,60,2,3,3,4,4,1,1,10,0,1
131,0,4105,10,10,280,70,1,50,80,170,150,110,60,1,2,5,4,3,2,2,11,0,1
131,128,4105,11,11,360,-50,3,50,80,170,150,140,60,1,2,5,4,4,1,1,11,0,1
131,1024,4105,12,12,320,-20,1,70,110,130,150,140,60,2,3,4,4,4,1,1,9,0,1
131,0,4105,13,13,340,-30,1,50,80,100,150,110,130,2,2,3,4,3,3,3,7,0,1
131,0,4105,14,14,320,-60,2,50,80,170,150,110,60,1,2,5,4,3,1,1,9,0,1
131,2048,4105,15,15,320,-10,3,70,110,170,100,120,80,2,3,5,3,3,2,2,11,0,1
1155,0,4105,16,16,280,-75,4,70,80,170,150,110,60,2,2,5,4,3,1,1,9,0,1
131,32,4105,17,17,320,-20,1,50,80,170,150,110,60,2,2,5,4,3,2,2,10,0,1
131,0,4105,18,18,360,-25,2,150,80,170,100,110,60,1,2,5,3,3,1,1,9,0,1
131,0,4105,19,19,360,40,2,100,80,140,150,110,60,3,2,4,4,3,1,1,7,0,1
131,0,4105,20,20,280,-40,1,50,80,140,120,110,130,1,2,4,3,3,3,3,11,0,1
131,0,4105,21,21,300,-5,3,100,80,140,150,110,60,3,2,4,4,3,1,1,10,0,1
131,0,4105,22,22,280,-70,2,80,120,110,150,130,90,2,3,3,4,3,2,2,9,0,1
35,0,5,23,26,270,-55,2,80,130,170,120,100,110,2,4,5,3,3,2,2,14,0,1
35,0,5,24,27,250,-70,2,100,170,160,120,90,110,3,5,5,3,2,3,3,19,0,1
35,64,5,25,28,270,-5,2,100,170,130,120,90,110,3,5,3,3,2,3,3,17,0,1
35,8,5,26,29,270,35,1,100,170,140,120,130,110,3,5,4,3,3,3,3,18,0,1
35,0,5,27,30,290,0,3,100,170,140,80,90,130,3,5,4,2,2,4,4,19,0,1
35,1,5,28,31,310,-60,4,100,170,140,120,90,130,3,5,4,3,2,4,4,17,0,1
35,0,5,29,32,310,-30,1,100,150,140,120,90,130,3,4,4,3,2,4,4,18,0,1
35,0,5,30,33,270,40,2,100,140,160,130,90,80,3,4,5,4,3,2,2,15,0,1
35,0,5,31,34,250,55,1,100,130,160,120,90,110,3,4,5,3,2,3,3,18,0,1
35,128,5,32,35,330,-60,3,100,140,160,120,130,110,3,3,5,3,3,3,3,18,0,1
35,1024,5,33,36,290,-30,1,100,170,130,120,90,110,3,5,4,3,2,3,3,17,0,1
35,0,5,34,37,290,-40,1,70,100,110,140,90,150,3,4,3,4,2,4,4,14,0,1
1059,0,5,35,38,250,-80,4,100,130,160,140,90,110,3,4,5,4,2,3,3,17,0,1
35,0,5,36,39,250,-50,1,100,150,140,120,90,130,3,4,4,3,2,4,4,19,0,1
15,4096,513,37,41,300,-10,2,70,100,140,160,110,80,2,3,4,5,3,2,2,11,0,1
15,4096,513,38,42,280,-30,2,90,130,140,120,150,80,3,4,4,4,2,2,2,15,0,1
15,4096,513,39,43,300,75,1,90,100,140,160,150,80,3,3,4,5,2,2,2,16,0,1
15,4096,513,40,44,320,50,3,90,130,140,100,150,110,3,4,4,3,2,3,3,15,0,1
15,4097,513,41,45,340,-15,4,90,100,140,130,150,120,3,3,4,4,2,3,3,13,0,1
15,4096,513,42,46,340,30,1,90,100,110,140,150,120,3,3,3,4,2,3,3,15,0,1
15,4096,513,43,47,300,85,2,90,100,140,160,170,80,3,3,4,5,3,2,2,11,0,1
15,4096,513,44,48,320,30,1,90,100,110,160,150,80,3,3,3,5,2,2,2,13,0,1
1039,4096,513,45,49,280,-55,4,90,100,140,160,150,80,3,3,4,5,2,2,2,13,0,1
4099,0,5,46,52,360,-20,3,90,40,120,100,110,30,3,2,3,3,3,1,1,10,0,1
4099,0,5,47,53,400,55,3,170,50,30,100,110,60,5,2,2,3,3,1,1,12,0,1
4099,32,5,48,54,380,25,3,130,50,80,100,110,90,4,2,3,3,3,2,2,13,0,1
579,64,9,49,57,280,-55,2,120,150,110,70,90,140,4,4,3,2,2,4,4,15,0,1
579,64,9,50,58,300,30,2,120,150,50,70,90,140,4,4,1,2,2,4,4,13,0,1
579,72,9,51,59,300,60,1,100,150,80,110,120,130,3,4,2,3,3,3,3,14,0,1
579,64,9,52,60,320,35,3,120,150,80,70,90,140,4,4,2,2,2,4,4,15,0,1
579,65,9,53,61,340,-35,4,120,150,80,70,90,140,4,4,2,2,2,4,4,13,0,1
579,64,9,54,62,300,60,2,100,110,70,130,90,120,3,3,2,3,3,3,3,11,0,1
579,64,9,55,63,320,15,1,120,150,50,100,90,110,4,4,1,3,2,3,3,13,0,1
1603,64,9,56,64,280,-75,4,120,150,130,100,90,110,4,4,3,3,2,3,3,13,0,1
579,64,9,57,65,300,45,4,90,150,70,100,120,110,4,4,2,3,3,3,3,11,0,1
3,8,32769,58,67,280,-35,2,90,140,130,150,110,80,2,4,4,4,3,2,2,17,0,1
3,8,32769,59,68,300,70,1,100,150,110,160,170,90,2,4,3,4,4,2,2,16,0,1
3,8,32769,60,69,320,50,3,90,150,120,110,100,80,2,4,3,3,3,3,3,17,0,1
3,12,32769,61,70,320,30,1,90,130,110,140,150,80,2,4,3,4,4,2,2,15,0,1
3,8,32769,62,72,320,10,1,80,110,90,150,120,100,2,3,2,4,3,3,3,12,0,1
1027,8,32769,63,73,280,-55,4,90,140,130,150,120,80,2,4,4,4,3,2,2,15,0,1
3,8,32769,64,74,360,20,2,90,100,150,110,120,80,2,3,4,3,3,2,2,14,0,1
3,8,32769,65,75,280,0,1,90,150,100,120,130,110,2,4,3,3,3,3,3,17,0,1
259,256,4097,66,77,420,-60,2,60,30,140,90,150,50,2,1,4,2,4,1,1,8,0,1
259,256,4097,67,78,400,-75,2,90,100,150,80,110,70,3,3,4,2,3,2,2,12,0,1
259,264,4097,68,79,420,30,1,40,70,140,90,150,50,3,2,4,2,4,1,1,12,0,1
259,256,4097,69,80,500,-85,3,20,10,150,40,160,30,3,1,4,1,4,1,1,9,0,1
259,256,4097,70,81,440,-10,3,80,120,150,60,100,110,3,3,4,1,3,3,3,13,0,1
259,257,4097,71,82,460,-60,4,50,40,140,60,120,100,3,2,4,2,3,3,3,11,0,1
259,256,4097,72,83,440,-40,1,80,70,120,90,150,50,3,2,3,2,4,1,1,11,0,1
259,256,4097,73,84,440,-45,1,60,50,120,100,130,110,3,1,3,3,3,3,3,8,0,1
1283,256,4097,74,85,400,-90,4,80,70,130,100,120,50,3,2,4,3,3,1,1,11,0,1
259,256,4097,75,86,480,-40,2,60,50,150,40,120,30,3,1,4,1,3,1,1,10,0,1
67,0,66,76,88,330,-30,2,90,150,140,80,70,120,2,4,4,2,2,3,3,14,0,1
67,0,66,77,89,310,-55,2,100,220,130,90,60,150,3,5,4,2,1,4,4,18,0,1
67,64,66,78,90,330,30,2,110,180,100,70,60,160,3,5,2,1,1,5,5,16,0,1
67,8,66,79,91,330,60,1,100,170,120,80,60,140,3,5,3,2,2,4,4,17,0,1
67,256,66,80,92,410,-70,3,90,130,100,60,70,120,3,3,3,1,2,3,3,14,0,1
67,0,66,81,93,350,35,3,100,220,110,70,60,160,3,5,3,1,1,5,5,18,0,1
67,4,66,82,94,350,20,1,100,140,110,70,90,130,3,4,3,2,2,4,4,16,0,1
67,1,66,83,95,370,-35,4,110,200,100,80,60,180,3,5,3,2,1,5,5,16,0,1
67,0,66,84,96,370,10,1,120,150,110,80,40,200,3,4,3,2,1,5,5,18,0,1
67,0,66,85,97,330,60,2,120,140,110,130,70,100,3,4,3,3,2,3,3,14,0,1
67,0,66,86,98,330,40,1,100,160,110,70,130,120,3,5,2,2,3,3,3,17,0,1
67,0,66,87,99,370,60,3,140,210,70,50,40,150,4,5,2,1,1,4,4,17,0,1
67,0,66,88,100,310,70,1,100,150,110,60,50,130,3,4,4,2,1,4,4,18,0,1
67,1024,66,89,101,350,35,3,110,150,140,80,60,160,3,5,4,1,1,4,4,18,0,1
67,0,66,90,102,350,15,1,110,160,120,90,70,130,3,5,3,2,2,4,4,16,0,1
67,0,66,91,103,350,-10,1,90,110,100,120,30,200,3,4,2,3,1,5,5,13,0,1
67,0,66,92,104,350,-50,2,110,130,140,70,60,150,3,4,4,2,1,4,4,16,0,1
1091,0,66,93,105,310,-75,4,100,130,140,110,60,150,3,4,4,3,1,4,4,16,0,1
67,32,66,94,106,350,15,1,120,160,100,70,50,220,3,4,3,2,1,5,5,16,0,1
67,0,66,95,107,390,5,2,110,140,150,50,60,160,2,4,4,1,1,4,4,16,0,1
67,0,66,96,108,390,50,2,140,100,110,90,60,130,4,3,3,2,1,3,3,14,0,1
67,0,66,97,109,310,-20,1,130,140,110,40,60,170,3,4,3,1,1,5,5,18,0,1
67,0,66,98,110,330,25,3,150,160,110,90,20,130,4,4,3,2,1,4,4,17,0,1
67,0,66,99,111,310,-65,2,120,190,60,70,50,150,3,5,2,2,1,4,4,15,0,1
3,4,17,100,113,330,-40,2,70,110,120,140,100,90,2,3,3,4,3,2,2,11,0,1
3,4,17,101,114,330,-65,2,90,120,110,140,100,80,3,4,3,4,3,3,3,15,0,1
3,4,17,102,115,350,30,3,110,140,80,120,100,130,3,4,2,3,2,4,4,15,0,1
3,4,17,103,116,350,10,1,130,120,80,140,100,110,3,3,2,4,3,3,3,13,0,1
3,4,17,104,117,370,-5,1,130,120,80,150,110,140,3,3,2,4,3,4,4,15,0,1
3,4,17,105,118,330,55,2,130,120,100,150,110,90,3,3,3,4,3,2,2,11,0,1
3,4,17,106,119,330,35,1,120,140,80,150,130,100,3,4,2,4,4,2,2,14,0,1
3,4,17,107,120,370,50,3,130,120,80,110,90,100,4,3,2,3,2,3,3,14,0,1
3,4,17,108,121,310,65,1,140,130,100,150,110,120,3,3,3,4,3,3,3,15,0,1
3,132,17,109,122,390,-50,3,120,90,130,140,100,110,3,2,3,4,4,3,3,15,0,1
3,4,17,110,123,350,10,1,130,120,80,150,100,110,3,3,2,4,3,3,3,13,0,1
3,4,17,111,124,350,-60,2,140,110,100,150,120,130,3,3,3,4,3,3,3,13,0,1
1027,4,17,112,125,310,-85,4,120,100,90,140,130,110,3,3,3,4,3,3,3,13,0,1
3,36,17,113,126,350,0,1,120,130,100,140,110,140,3,3,3,4,3,3,3,13,0,1
3,4,17,114,127,390,-10,2,90,130,100,120,140,110,2,3,3,3,3,3,3,13,0,1
3,4,17,115,128,390,45,2,130,90,80,140,120,100,4,2,2,4,3,2,2,11,0,1
3,4,17,116,129,310,-30,1,110,100,80,120,90,150,3,3,2,3,2,4,4,15,0,1
3,4,17,117,130,330,20,3,150,110,80,130,70,120,4,3,2,4,2,3,3,14,0,1
3,4,17,118,131,310,-75,2,130,100,60,150,120,110,3,3,2,4,3,3,3,12,0,1
11,1,544,119,133,360,-50,2,90,110,150,130,100,120,2,3,4,3,2,3,3,11,0,1
11,1,544,120,134,340,-65,2,100,130,150,110,70,140,3,4,4,3,1,4,4,16,0,1
11,65,544,121,135,360,5,2,100,150,80,110,30,180,3,4,2,3,1,5,5,14,0,1
11,1,544,122,136,380,10,3,120,150,100,90,60,170,3,4,3,2,1,5,5,16,0,1
11,1,544,123,137,400,-50,4,100,150,80,110,70,180,3,4,3,3,1,5,5,14,0,1
11,1,544,124,138,400,-25,1,120,140,90,110,50,160,3,4,3,3,1,5,5,15,0,1
11,1,544,125,139,360,50,2,130,110,120,140,90,100,3,3,3,4,2,3,3,12,0,1
11,16385,544,126,140,380,65,3,100,120,130,110,90,150,3,3,4,3,2,4,4,14,0,1
11,1,544,127,141,380,-35,1,90,120,80,140,70,160,3,3,2,4,1,5,5,11,0,1
1035,1,544,128,142,340,-80,4,100,120,150,140,80,130,3,4,4,4,1,4,4,14,0,1
11,1,544,129,143,420,-30,2,90,120,130,110,70,150,2,3,4,3,1,4,4,13,0,1
67,8,1025,130,147,360,65,1,120,100,60,110,90,130,3,3,2,3,3,4,4,17,0,1
67,0,1025,131,148,380,30,3,120,150,70,50,60,190,3,4,2,2,2,5,5,17,0,1
67,1,1025,132,149,400,-40,4,130,120,80,110,100,170,3,3,2,3,2,5,5,16,0,1
67,0,1025,133,150,400,-10,1,120,80,70,30,40,170,3,3,2,3,2,5,5,17,0,1
67,0,1025,134,151,380,-50,2,100,120,130,110,70,140,3,3,3,3,2,4,4,15,0,1
1091,0,1025,135,152,340,-65,4,100,110,120,140,70,150,3,3,3,4,2,4,4,15,0,1
67,0,1025,136,153,420,-15,2,90,110,130,100,60,150,2,3,3,3,2,4,4,15,0,1
267,0,5,137,155,300,-10,2,90,80,140,170,150,60,2,2,4,5,4,1,1,8,0,1
267,0,5,138,156,320,50,3,80,100,140,110,130,120,2,3,4,3,3,3,3,13,0,1
267,4,5,139,157,320,30,1,80,90,120,160,140,100,2,2,3,5,4,2,2,11,0,1
267,0,5,140,158,300,75,2,80,90,130,160,140,70,2,2,4,5,4,1,1,9,0,1
267,0,5,141,159,300,55,1,80,100,120,150,140,70,2,3,3,4,4,1,1,11,0,1
267,0,5,142,160,280,85,1,80,90,130,150,140,70,2,2,4,4,3,2,2,12,0,1
267,0,5,143,161,320,-28,2,90,80,130,170,100,60,2,2,4,5,3,1,1,10,0,1
267,32,5,144,162,320,35,1,70,90,150,160,120,80,2,2,4,5,3,2,2,11,0,1
267,0,5,145,163,360,65,2,100,90,120,150,110,50,3,2,4,4,3,1,1,9,0,1
267,0,5,146,164,280,5,1,100,90,140,150,130,120,2,2,4,4,3,3,3,13,0,1
267,0,5,147,165,300,40,3,80,90,150,120,110,50,3,2,4,4,3,1,1,11,0,1
267,0,5,148,166,280,-45,2,90,120,110,190,130,80,2,3,3,5,3,2,2,10,0,1
11,0,65,149,168,300,-40,2,70,90,160,170,130,60,2,3,4,5,3,1,1,8,0,1
11,0,65,150,169,280,-55,2,70,100,140,160,120,90,2,4,4,4,3,2,2,12,0,1
11,0,65,151,170,300,65,2,60,90,110,180,130,60,2,3,3,5,3,1,1,8,0,1
11,0,65,152,171,300,-25,2,60,100,110,160,150,70,2,3,3,5,3,1,1,8,0,1
11,128,65,153,172,360,-45,3,70,80,130,150,140,50,2,2,4,4,4,1,1,12,0,1
11,0,65,154,173,320,-10,1,60,100,110,170,120,50,2,3,3,5,3,1,1,10,0,1
11,0,65,155,174,320,-25,1,70,80,90,160,100,110,2,3,2,5,2,3,3,7,0,1
11,0,65,156,175,320,-50,2,60,90,140,160,110,40,2,3,4,5,3,1,1,10,0,1
11,2048,65,157,176,320,5,3,70,100,110,150,130,60,2,3,3,4,3,2,2,11,0,1
11,0,65,158,177,320,40,1,60,100,110,160,120,70,2,3,3,5,3,2,2,9,0,1
1035,0,65,159,178,280,-70,4,70,90,110,160,110,60,2,3,4,5,3,1,1,10,0,1
11,0,65,160,179,360,-20,2,90,80,150,140,110,70,2,3,4,4,3,1,1,10,0,1
7,0,69632,161,181,300,-25,2,80,130,100,120,180,50,2,4,3,3,5,1,1,12,0,1
7,0,69632,162,182,320,40,3,100,170,80,90,110,120,3,5,2,2,3,3,3,16,0,1
7,4,69632,163,183,320,20,1,100,130,70,110,140,80,3,4,1,3,4,2,2,14,0,1
7,0,69632,164,184,300,65,2,100,130,70,160,170,40,3,4,2,4,5,1,1,13,0,1
7,0,69632,165,185,300,45,1,50,130,70,100,140,40,3,5,1,3,5,1,1,15,0,1
7,0,69632,166,186,280,75,1,100,130,90,110,140,50,3,4,3,3,4,2,2,16,0,1
7,0,69632,167,187,320,-45,2,90,140,100,110,130,70,3,4,3,3,4,1,1,14,0,1
7,32,69632,168,188,320,20,1,100,140,60,110,130,90,3,4,2,3,4,2,2,15,0,1
7,0,69632,169,189,360,55,2,120,110,90,100,140,70,4,3,2,3,4,1,1,12,0,1
7,0,69632,170,190,280,-15,1,100,140,90,120,130,110,3,4,2,3,3,3,3,16,0,1
7,0,69632,171,191,300,30,3,120,140,90,100,110,70,4,4,2,3,3,1,1,15,0,1
7,0,69632,172,192,280,-60,2,110,160,70,120,140,100,3,5,1,3,4,2,2,13,0,1
3,0,3,173,194,340,-35,2,150,130,100,80,60,120,4,4,3,2,1,3,3,17,0,1
3,0,3,174,195,380,50,3,160,130,70,90,60,150,4,4,2,2,1,4,4,17,0,1
3,1,3,175,196,400,-15,4,150,140,70,80,50,160,4,4,2,2,1,4,4,15,0,1
3,0,3,176,197,360,75,2,150,120,50,100,70,90,4,3,2,3,2,2,2,13,0,1
3,0,3,177,198,360,55,1,150,130,50,90,100,80,4,4,1,2,3,2,2,16,0,1
3,0,3,178,199,400,70,3,180,130,50,70,60,150,5,4,1,2,1,3,3,16,0,1
3,128,3,179,200,420,-20,3,160,110,120,70,100,130,4,3,3,2,3,3,3,16,0,1
1027,0,3,180,201,340,-55,4,160,140,100,110,70,120,4,4,3,3,1,3,3,15,0,1
3,32,3,181,202,380,30,1,150,120,90,100,70,130,4,3,2,3,1,3,3,15,0,1
35,0,66560,182,204,270,0,2,100,130,170,120,110,90,2,3,5,3,3,2,2,13,0,1
35,0,66560,183,205,290,55,3,90,160,120,110,100,150,2,4,4,2,2,4,4,17,0,1
35,4,66560,184,206,290,40,1,100,130,140,110,90,100,2,3,4,3,2,3,3,15,0,1
35,0,66560,185,207,270,80,2,90,120,160,130,110,100,2,3,5,4,3,2,2,14,0,1
35,0,66560,186,208,270,60,1,100,150,110,130,120,90,2,4,3,3,3,2,2,16,0,1
35,0,66560,187,209,250,90,1,110,130,160,120,90,100,2,4,5,3,2,3,3,17,0,1
35,0,66560,188,210,290,-20,2,90,130,160,120,100,110,2,3,5,3,2,3,3,15,0,1
35,32,66560,189,211,290,40,1,90,120,150,110,80,100,2,3,5,3,2,3,3,16,0,1
35,0,66560,190,212,330,70,2,110,100,140,120,80,90,3,2,4,3,2,2,2,13,0,1
35,0,66560,191,213,250,10,1,90,110,130,120,100,140,2,3,4,3,2,4,4,17,0,1
35,0,66560,192,214,270,45,3,100,110,140,120,80,90,3,3,4,3,2,3,3,16,0,1
35,0,66560,193,215,250,-35,2,90,130,140,120,100,110,2,3,3,3,2,3,3,15,0,1
2051,128,65,194,217,370,-65,2,80,120,160,120,150,100,2,3,5,3,4,2,2,18,0,1
2051,128,65,195,218,390,50,2,70,60,170,140,160,100,2,1,5,4,5,2,2,14,0,1
2051,128,65,196,219,370,65,1,80,70,170,120,140,90,2,2,5,3,4,2,2,17,0,1
2051,128,65,197,220,450,-55,3,70,60,170,140,160,100,2,1,5,3,5,2,2,17,0,1
2051,128,65,198,221,410,-60,2,70,80,140,120,170,130,2,2,5,3,5,2,2,15,0,1
2051,128,65,199,222,410,25,1,70,80,170,140,150,90,2,2,4,3,5,3,3,15,0,1
3075,128,65,200,223,370,-80,4,80,70,140,110,170,100,2,2,5,4,4,2,2,15,0,1
7,1024,9,201,225,330,-30,2,120,150,110,70,100,90,3,4,3,2,3,2,2,14,0,1
7,1024,9,202,226,330,60,2,140,160,130,110,120,100,3,4,3,3,3,2,2,14,0,1
7,1024,9,203,227,350,35,3,150,180,80,50,60,100,4,5,2,1,2,3,3,18,0,1
7,1056,9,204,228,350,15,1,100,150,120,80,90,110,4,4,3,2,2,3,3,16,0,1
515,0,6,205,230,350,5,1,100,130,90,120,110,80,3,4,2,4,3,2,2,13,0,1
1539,0,6,206,231,310,-90,4,100,150,120,140,110,90,3,4,3,4,3,2,2,13,0,1
259,0,5,207,235,360,-35,2,110,80,100,130,140,90,3,2,3,4,4,2,2,12,0,1
259,0,5,208,236,360,70,2,100,80,120,130,140,90,3,2,3,4,4,2,2,13,0,1
259,0,5,209,237,360,40,1,130,100,80,140,150,90,4,3,2,4,4,2,2,15,0,1
259,0,5,210,238,400,-10,4,130,80,70,120,140,90,4,2,2,4,4,2,2,15,0,1
259,32,5,211,239,380,-10,1,130,80,100,140,110,90,4,2,3,4,3,3,3,15,0,1
35,16384,3,212,241,350,90,3,170,150,190,140,160,110,3,1,5,3,3,3,3,14,0,1
3,16,3,213,243,300,0,2,100,90,120,140,150,80,1,1,4,4,4,1,1,7,0,1
259,0,5,214,245,360,-40,2,60,50,100,160,80,110,2,2,3,5,2,3,3,6,0,1
259,0,5,215,246,350,-25,1,50,20,10,160,30,170,3,2,1,5,1,5,5,6,0,1
259,0,5,216,247,350,-50,2,70,90,100,170,60,160,3,2,3,5,1,4,4,8,0,1
131,0,9,217,249,330,-50,2,80,120,170,130,100,90,2,3,5,4,3,2,2,10,0,1
131,0,9,218,250,350,5,3,80,120,170,130,90,100,2,4,4,3,2,3,3,14,0,1
131,4,9,219,251,350,-25,1,80,120,150,130,90,100,2,3,4,4,2,2,2,12,0,1
131,0,9,220,252,330,45,2,80,120,160,130,110,100,2,3,5,4,3,2,2,11,0,1
131,0,9,221,253,330,15,1,80,150,130,140,110,100,2,4,3,4,3,2,2,13,0,1
131,0,9,222,254,310,60,1,80,120,150,130,90,100,2,3,5,4,2,2,2,14,0,1
131,0,9,223,255,350,-65,2,80,120,170,130,90,100,2,3,5,4,2,2,2,12,0,1
131,32,9,224,256,350,-25,1,100,110,150,130,90,120,2,3,5,4,2,3,3,13,0,1
131,0,9,225,257,390,30,2,120,100,140,130,80,90,3,2,4,4,2,2,2,10,0,1
131,0,9,226,258,310,-45,1,80,120,140,100,90,110,2,3,4,3,2,3,3,14,0,1
131,0,9,227,259,330,-15,3,110,120,140,130,90,100,3,3,4,4,2,2,2,13,0,1
131,0,9,228,260,310,-75,2,100,130,110,150,80,90,2,3,3,4,2,2,2,12,0,1
515,2048,9,229,266,330,-40,2,90,130,150,120,110,100,2,3,4,3,3,2,2,12,0,1
515,2048,9,230,267,330,55,2,120,130,150,110,100,90,3,3,4,3,3,2,2,13,0,1
515,2048,9,231,268,330,35,1,130,140,110,100,120,90,3,4,3,2,3,2,2,16,0,1
515,2176,9,232,269,390,-50,3,110,130,150,90,100,120,3,3,4,2,3,3,3,16,0,1
515,2048,9,233,270,350,-60,2,130,150,140,110,80,100,3,4,4,3,2,3,3,14,0,1
515,2048,9,234,271,350,15,3,140,160,150,110,100,130,3,4,4,2,2,3,3,16,0,1
1539,2048,9,235,272,310,-85,4,110,160,150,130,100,120,3,4,4,3,2,3,3,15,0,1
7,0,17,236,274,330,-20,2,100,110,120,140,150,130,2,3,4,4,4,3,3,9,0,1
7,0,17,237,275,310,-45,2,100,110,140,150,120,160,3,4,4,4,3,4,4,14,0,1
7,1,17,238,276,370,-25,4,100,110,120,150,130,140,3,3,3,4,3,4,4,12,0,1
7,0,17,239,277,330,65,2,110,100,120,140,150,130,3,3,3,4,4,3,3,10,0,1
7,128,17,240,278,390,-30,3,100,80,150,140,130,120,3,2,4,4,4,3,3,13,0,1
7,0,17,241,279,350,50,1,110,100,120,140,150,130,3,3,3,4,4,4,4,11,0,1
1031,0,17,242,280,310,-65,4,100,110,140,150,130,110,3,3,4,4,3,3,3,12,0,1
7,32,17,243,281,350,20,1,110,100,130,140,120,150,3,3,3,4,3,4,4,12,0,1
1027,0,3,244,285,270,-60,2,100,110,190,200,120,90,2,3,5,5,3,2,2,11,0,1
1027,0,3,245,286,250,-80,2,120,140,190,160,100,90,3,4,5,4,2,2,2,15,0,1
1027,0,3,246,287,290,-10,3,120,140,150,130,100,90,3,4,4,3,2,3,3,15,0,1
1027,0,3,247,288,270,30,2,110,100,190,190,110,90,3,3,5,5,3,2,2,11,0,1
1027,0,3,248,289,290,-40,1,110,120,160,200,90,100,3,3,4,5,2,2,2,13,0,1
1027,0,3,249,290,250,-90,4,120,110,200,190,100,90,3,3,5,5,2,2,2,13,0,1
19,0,640,250,292,330,60,2,160,120,60,100,150,50,4,3,2,3,4,1,1,12,0,1
1043,0,640,251,293,310,-80,4,150,140,130,110,100,40,4,4,3,3,3,1,1,14,0,1
19,0,640,252,294,350,25,3,190,120,30,40,150,70,5,4,1,1,4,1,1,14,0,1
19,32,640,253,295,350,10,1,140,130,80,70,120,90,4,3,2,2,3,2,2,14,0,1
3,32,17,254,297,330,-30,2,80,90,150,160,100,110,2,2,4,4,3,3,3,11,0,1
3,32,17,255,298,350,35,3,100,110,130,120,90,140,3,3,4,3,2,4,4,16,0,1
3,36,17,256,299,350,10,1,100,90,120,140,110,150,3,2,3,4,2,4,4,14,0,1
3,32,17,257,300,330,75,2,90,100,150,140,110,120,3,2,4,4,3,3,3,12,0,1
3,32,17,258,301,330,45,1,100,110,130,150,120,140,3,3,3,4,3,3,3,14,0,1
3,32,17,259,302,310,90,1,90,80,140,110,100,150,3,2,4,4,2,4,4,15,0,1
3,32,17,260,303,350,-45,2,100,90,150,130,80,120,3,2,4,4,2,3,3,13,0,1
3,32,17,261,304,350,-5,1,100,90,130,120,110,140,3,2,4,4,2,4,4,14,0,1
3,32,17,262,305,390,60,2,120,80,150,140,90,110,4,2,4,4,2,3,3,12,0,1
3,32,17,263,306,310,-25,1,100,90,130,120,80,150,3,2,4,3,2,4,4,16,0,1
3,32,17,264,307,330,20,3,110,90,140,130,100,120,4,2,4,4,2,3,3,14,0,1
3,32,17,265,308,310,-54,2,90,100,130,120,110,140,3,3,3,4,2,4,4,13,0,1
1027,2,129,266,310,280,-50,4,70,90,150,170,120,60,3,2,4,5,3,2,2,11,0,1
3,2,129,267,311,300,80,4,50,10,150,110,100,60,3,1,4,5,4,2,2,9,0,1
67,512,3,268,313,350,40,3,100,120,50,60,140,80,3,3,2,2,2,5,5,13,0,1
67,513,3,269,314,370,-30,4,90,130,80,70,140,100,3,3,2,2,2,5,5,12,0,1
67,640,3,270,315,390,-35,3,90,60,110,80,120,130,3,2,3,2,3,4,4,13,0,1
67,512,3,271,316,350,20,1,80,120,60,130,90,110,3,3,2,3,2,4,4,11,0,1
67,512,3,272,317,350,-10,1,80,50,90,120,70,150,3,2,2,3,2,5,5,8,0,1
67,544,3,273,318,350,20,1,70,60,120,110,90,140,3,2,3,3,2,5,5,12,0,1
67,512,3,274,319,350,45,3,90,40,30,70,50,160,3,2,2,2,2,5,5,10,0,1
67,512,3,275,320,390,10,2,80,60,120,70,40,130,3,2,3,2,2,4,4,11,0,1
1027,0,5,276,324,370,-65,4,200,80,170,120,90,60,2,2,5,3,2,2,2,12,0,1
3,0,5,277,325,450,-15,2,200,70,140,50,60,40,1,2,5,2,2,2,2,12,0,1
259,0,5,278,328,320,40,3,70,150,120,130,100,110,3,4,3,3,3,3,3,12,0,1
259,0,5,279,329,320,-40,2,80,100,130,150,140,50,3,3,4,4,4,1,1,10,0,1
259,0,5,280,330,300,50,4,70,80,130,140,100,50,3,3,3,4,5,1,1,8,0,1
3,0,17,281,333,390,-15,2,120,40,140,110,100,60,3,1,4,3,3,1,1,8,0,1
3,0,17,282,334,410,45,3,160,120,110,80,70,130,4,3,3,2,2,3,3,12,0,1
3,4,17,283,335,410,30,1,150,80,120,110,100,90,4,2,3,3,2,2,2,10,0,1
3,0,17,284,336,390,70,2,140,70,120,110,90,50,4,1,3,4,3,1,1,8,0,1
3,0,17,285,337,390,50,1,160,130,100,120,110,60,4,3,2,3,3,1,1,11,0,1
3,0,17,286,338,370,80,1,150,60,140,110,100,70,4,2,4,3,2,2,2,12,0,1
131,0,17,287,339,410,-35,2,140,80,150,110,90,50,4,2,4,3,2,1,1,10,0,1
3,32,17,288,340,410,25,1,140,50,120,110,100,80,4,1,3,3,2,2,2,10,0,1
3,0,17,289,341,450,60,2,160,40,120,110,100,70,5,1,3,3,2,1,1,8,0,1
3,0,17,290,342,370,-5,1,150,90,130,120,100,110,4,2,3,3,2,3,3,12,0,1
3,0,17,291,343,390,35,3,170,80,110,100,90,50,5,2,3,3,2,1,1,11,0,1
3,0,17,292,344,370,-50,2,130,70,120,110,100,90,4,2,2,3,2,2,2,9,0,1
67,0,65,293,346,270,-40,2,90,130,150,100,50,120,2,3,4,3,2,3,3,14,0,1
67,0,65,294,347,290,20,3,90,130,120,100,10,200,2,4,3,2,1,5,5,18,0,1
67,4,65,295,348,290,-10,1,90,110,120,100,30,150,2,3,3,3,2,4,4,16,0,1
67,0,65,296,349,270,60,2,100,110,120,100,40,130,2,3,3,3,2,3,3,14,0,1
67,0,65,297,350,270,30,1,80,140,100,90,110,120,2,4,2,2,3,3,3,17,0,1
67,0,65,298,351,250,75,1,90,110,130,100,30,150,2,3,4,2,1,4,4,18,0,1
195,0,65,299,352,290,-55,2,100,110,150,120,60,140,2,3,4,3,1,4,4,16,0,1
67,32,65,300,353,290,-15,1,80,110,120,100,40,220,2,3,3,3,1,5,5,16,0,1
67,0,65,301,354,330,45,2,110,100,130,90,40,120,3,2,3,2,1,3,3,14,0,1
67,0,65,302,355,250,-35,1,110,130,140,100,10,220,2,3,3,2,1,5,5,18,0,1
67,0,65,303,356,270,5,3,100,120,130,90,50,160,3,3,3,2,1,4,4,17,0,1
67,0,65,304,357,250,-65,2,90,120,100,130,60,160,2,3,2,3,1,4,4,15,0,1
3,8192,9,305,361,380,15,3,150,160,70,100,90,140,4,4,2,2,2,4,4,18,0,1
3,8192,9,306,362,360,25,1,160,140,60,110,150,120,4,4,1,3,4,3,3,17,0,1
3,8192,9,307,363,340,70,1,120,140,110,100,90,130,3,4,3,3,3,4,4,18,0,1
3,8192,9,308,364,420,40,2,140,120,90,110,100,130,4,3,2,3,3,3,3,14,0,1
3,8192,9,309,365,400,-45,3,150,160,20,120,100,140,4,4,1,3,3,4,4,18,0,1
3,8192,9,310,367,300,-35,2,130,110,140,120,80,90,3,3,4,3,2,2,2,12,0,1
3,0,9,311,368,320,30,3,140,150,120,100,40,110,4,4,3,2,1,3,3,16,0,1
3,4,9,312,369,320,15,1,140,100,120,110,90,80,4,3,3,3,2,2,2,14,0,1
3,0,9,313,370,300,60,2,150,100,110,130,90,80,4,3,3,4,2,2,2,13,0,1
3,0,9,314,371,300,40,1,130,140,80,120,110,90,4,4,2,3,3,2,2,15,0,1
3,0,9,315,372,280,70,1,150,100,130,110,60,80,4,3,4,3,1,2,2,16,0,1
3,0,9,316,373,320,-55,2,150,120,130,110,60,90,4,3,4,3,1,2,2,14,0,1
3,32,9,317,374,320,5,1,140,110,120,130,40,100,4,3,3,3,1,3,3,15,0,1
3,0,9,318,375,360,50,2,170,100,120,130,60,90,5,2,3,3,1,2,2,12,0,1
3,0,9,319,376,280,-25,1,150,120,110,130,70,90,4,3,3,3,1,3,3,16,0,1
3,0,9,320,377,300,20,3,180,100,110,120,60,90,5,3,3,3,1,2,2,15,0,1
3,0,9,321,378,280,-70,2,160,120,100,110,50,90,4,3,2,3,1,2,2,13,0,1
3,0,5,322,380,270,-60,2,100,130,110,140,120,90,2,3,3,4,3,2,2,9,0,1
3,0,5,323,381,290,-5,3,130,150,100,120,90,140,3,4,2,3,2,4,4,14,0,1
3,4,5,324,382,290,-30,1,110,150,60,140,100,120,3,4,1,4,2,3,3,12,0,1
3,0,5,325,383,270,35,2,120,130,80,160,110,100,3,3,2,4,3,2,2,10,0,1
3,0,5,326,384,270,5,1,130,160,90,150,120,100,3,4,1,4,3,2,2,13,0,1
3,0,5,327,385,250,50,1,120,150,100,140,70,130,3,4,3,4,2,3,3,13,0,1
3,0,5,328,386,290,-40,2,120,140,110,130,80,100,3,4,3,4,2,3,3,13,0,1
3,32,5,329,387,290,-30,1,110,120,90,150,100,130,3,3,2,4,2,3,3,12,0,1
3,0,5,330,388,330,20,2,160,120,100,150,90,70,4,3,2,4,2,2,2,10,0,1
3,0,5,331,389,250,-50,1,120,140,90,110,100,150,3,4,2,3,2,4,4,14,0,1
3,0,5,332,390,270,-20,3,120,130,70,150,90,110,4,4,2,4,2,3,3,13,0,1
3,0,5,333,391,250,-80,2,120,160,100,150,110,130,3,4,1,4,2,3,3,11,0,1
1031,128,4137,334,23,300,-75,4,81,108,192,173,134,39,2,2,5,4,3,1,1,9,1,0
1155,1536,4105,335,23,300,-75,4,101,103,152,173,131,72,2,2,5,4,3,1,1,9,1,0
131,1,9,336,24,380,10,4,100,158,141,170,110,118,2,3,4,4,3,3,3,10,1,0
131,1,9,337,24,380,20,4,100,158,136,175,112,117,2,3,4,4,3,3,3,10,1,0
131,256,16393,338,24,400,10,3,103,98,67,174,198,62,1,2,5,3,4,1,1,8,1,0
131,256,16393,339,24,400,0,3,98,121,49,138,211,71,1,2,5,3,4,1,1,8,1,0
771,8194,2113577,340,25,320,77,1,94,104,204,124,94,94,2,3,5,4,4,1,1,7,1,0
35,0,32773,341,40,270,-99,1,112,192,158,127,105,124,3,5,5,5,1,3,3,18,1,0
15,4,513,342,50,320,85,2,111,110,164,192,196,70,3,3,4,5,3,2,2,11,1,0
15,4,513,343,50,380,15,4,104,115,172,174,158,109,3,3,4,4,2,3,3,13,1,0
15,4,769,344,50,320,10,2,84,106,182,174,116,92,2,3,4,5,3,2,2,11,1,0
15,4096,33281,345,51,300,10,2,112,156,154,138,158,104,3,4,4,4,2,2,2,15,1,0
4099,0,5,346,55,420,55,3,171,62,105,100,100,84,5,2,2,3,3,1,1,12,1,0
4099,2,5,347,55,380,20,3,114,67,154,121,134,34,3,2,3,3,3,1,1,10,1,0
4099,0,5,348,55,420,55,3,171,64,151,96,111,40,5,2,2,3,3,1,1,12,1,0
4099,32,5,349,56,380,25,3,131,70,84,134,106,115,4,2,3,3,3,2,2,12,1,0
4099,0,5,350,56,420,55,3,182,64,51,101,134,75,5,2,2,3,3,1,1,12,1,0
4099,32,21,351,56,380,25,3,142,52,95,121,122,117,4,2,3,3,3,2,2,13,1,0
579,72,262153,352,66,320,60,1,100,178,92,138,129,126,3,4,2,3,3,3,3,14,1,0
579,64,8201,353,66,320,45,4,93,129,91,145,165,117,4,4,2,3,3,3,3,11,1,0
579,64,9,354,66,320,30,2,95,142,64,71,157,152,4,4,1,2,2,4,4,13,1,0
1027,8,32833,355,76,300,-55,4,102,161,147,159,127,101,2,4,4,4,3,2,2,15,1,0
1027,8,32769,356,76,300,-55,4,85,152,184,165,167,36,2,4,4,4,3,2,2,15,1,0
1027,8,32769,357,76,300,-55,4,57,162,175,161,99,68,2,4,4,4,3,2,2,15,1,0
259,256,69633,358,87,460,40,1,124,82,129,111,134,55,3,2,3,2,4,1,1,11,1,0
259,256,4609,359,87,440,35,1,101,85,128,96,151,54,2,1,4,2,4,1,1,8,1,0
259,256,4097,360,87,460,-10,3,90,128,191,75,110,114,3,3,4,1,3,3,3,13,1,0
1283,256,4161,361,87,420,-90,4,90,78,171,115,130,54,3,2,4,3,3,1,1,11,1,0
259,256,4097,362,87,460,-45,1,73,69,134,107,143,128,3,1,3,3,3,3,3,8,1,0
67,0,16450,363,112,330,-20,1,142,142,122,44,103,181,3,4,3,1,1,5,5,18,1,0
35,256,2097218,364,112,430,-70,3,99,145,114,61,82,158,2,3,3,1,2,3,3,14,1,0
67,0,66,365,112,350,-30,2,104,158,148,107,90,123,2,4,4,2,2,3,3,14,1,0
3,4,145,366,132,350,-40,2,94,120,139,151,107,105,2,3,3,4,3,2,2,11,1,0
3,4,17,367,132,350,55,2,138,123,117,176,124,110,3,3,3,4,3,2,2,11,1,0
3,4,17,368,132,390,50,3,132,124,83,147,102,112,4,3,2,3,2,3,3,14,1,0
11,1,544,369,144,440,-30,2,95,137,143,117,96,166,3,3,4,3,1,4,4,13,1,0
11,16385,608,370,144,400,65,3,118,129,149,123,95,169,3,3,4,3,2,4,4,14,1,0
11,1,544,371,144,380,50,2,135,112,156,150,104,114,3,3,3,4,2,3,3,12,1,0
11,1,8736,372,145,360,-65,2,129,137,185,112,79,147,3,4,4,3,1,4,4,16,1,0
323,1,544,373,146,400,-35,1,99,125,87,178,88,163,3,3,2,4,1,5,5,11,1,0
11,1,544,374,146,380,-50,2,115,123,152,136,134,122,2,3,4,3,2,3,3,11,1,0
11,65,4640,375,146,380,5,2,144,156,81,118,50,182,3,4,2,3,1,5,5,14,1,0
11,1,544,376,146,400,10,3,123,210,103,99,67,175,3,4,3,2,1,5,5,16,1,0
67,64,3073,377,154,400,-50,2,102,129,192,111,75,146,3,3,3,3,2,4,4,15,1,0
1091,0,1029,378,154,360,-65,4,113,113,127,187,79,158,3,3,3,4,2,4,4,15,1,0
1027,0,8389633,379,154,440,-15,2,101,116,135,105,105,160,2,3,3,3,2,4,4,15,1,0
67,0,8389633,380,154,400,-50,2,106,131,132,119,72,193,3,3,3,3,2,4,4,15,1,0
771,0,5,381,167,320,75,2,97,106,156,171,147,75,2,2,4,5,4,1,1,9,1,0
643,4,7,382,167,340,-28,2,106,85,138,210,110,62,2,2,4,5,3,1,1,10,1,0
267,8192,2053,383,167,300,-45,2,101,136,120,206,145,99,2,3,3,5,3,2,2,10,1,0
11,512,67,384,180,340,40,1,65,108,128,183,128,88,2,3,3,5,3,2,2,9,1,0
267,512,67,385,180,340,-10,1,75,117,124,189,122,65,2,3,3,5,3,1,1,10,1,0
1035,0,65,386,180,300,-70,4,79,115,125,175,121,65,2,3,4,5,3,1,1,10,1,0
23,0,69696,387,193,320,45,1,94,142,76,112,153,42,3,5,1,3,5,1,1,15,1,0
23,0,69632,388,193,300,75,1,107,147,107,124,153,66,3,4,3,3,4,2,2,16,1,0
7,0,69632,389,193,380,55,2,133,122,100,120,151,86,4,3,2,3,4,1,1,12,1,0
67,68,3,390,203,440,-15,4,156,146,98,95,58,177,4,4,2,2,1,4,4,15,1,0
67,128,7,391,203,440,-20,3,177,121,130,104,111,133,4,3,3,2,3,3,3,16,1,0
131,32,32771,392,203,380,30,1,160,151,99,118,82,131,4,3,2,3,1,3,3,15,1,0
35,0,70656,393,216,290,50,2,111,143,185,139,111,114,2,3,5,3,3,2,2,13,1,0
259,4,66561,394,216,310,40,1,118,155,151,112,108,113,2,3,4,3,2,3,3,15,1,0
131,0,66624,395,216,290,60,1,131,164,120,149,121,95,2,4,3,3,3,2,2,16,1,0
2067,128,32833,396,224,430,25,1,82,92,189,159,162,102,2,2,5,4,4,2,2,15,1,0
2067,128,65,397,224,430,-60,2,78,89,153,134,198,140,2,2,4,3,5,3,3,15,1,0
2067,128,8257,398,224,390,65,1,88,103,186,125,154,97,2,2,5,3,4,2,2,17,1,0
7,1024,9,399,229,350,-30,2,139,158,121,104,104,96,3,4,3,2,3,2,2,14,1,0
7,1056,137,400,229,350,15,1,127,168,126,90,104,124,3,4,3,2,2,3,3,16,1,0
7,1056,1033,401,229,350,15,1,110,169,137,93,107,114,3,4,3,2,2,3,3,16,1,0
1539,0,2054,402,232,330,-90,4,123,153,128,173,116,98,3,4,3,4,3,2,2,13,1,0
515,0,4102,403,232,370,5,1,120,167,91,134,110,89,3,4,2,4,3,2,2,13,1,0
1539,0,16390,404,232,330,-90,4,132,151,130,172,111,99,3,4,3,4,3,2,2,13,1,0
515,0,6,405,233,370,5,1,107,150,127,126,116,90,3,4,2,4,3,2,2,13,1,0
515,0,16390,406,234,370,5,1,101,134,102,153,126,98,3,4,2,4,3,2,2,13,1,0
515,1024,2054,407,234,370,5,1,106,165,94,146,116,87,3,4,2,4,3,2,2,13,1,0
1539,0,2054,408,234,330,-90,4,105,167,125,155,148,94,3,4,3,4,3,2,2,13,1,0
259,1536,1029,409,240,380,-10,1,146,90,105,143,129,126,3,2,3,4,3,3,3,15,1,0
259,3072,2053,410,240,380,-10,1,140,96,104,158,135,97,3,2,3,4,3,3,3,15,1,0
259,512,5,411,240,380,-10,1,149,89,102,157,113,128,3,2,3,4,3,3,3,15,1,0
35,16384,131,412,242,370,90,3,171,184,192,150,196,111,3,1,5,3,3,3,3,14,1,0
35,16512,3,413,242,370,90,3,174,154,229,154,177,114,3,1,5,3,3,3,3,14,1,0
35,16384,3,414,242,370,90,3,177,188,198,148,169,121,3,1,5,3,3,3,3,14,1,0
3,16,3,415,244,320,0,2,116,102,121,171,167,89,1,1,4,4,4,1,1,7,1,0
3,16,1027,416,244,320,0,2,108,131,135,150,154,90,1,1,4,4,4,1,1,7,1,0
3,16,3,417,244,320,0,2,144,93,126,159,160,83,1,1,4,4,4,1,1,7,1,0
259,0,5,418,248,350,-40,2,62,62,104,203,91,122,2,2,3,5,2,3,3,6,1,0
259,0,13,419,248,370,-50,2,85,104,101,182,98,169,3,2,3,5,1,4,4,8,1,0
259,0,5,420,248,370,-25,1,51,39,18,189,43,184,3,2,1,5,1,5,5,6,1,0
131,0,2057,421,261,330,60,1,88,128,177,150,93,114,2,3,5,4,2,2,2,12,1,0
131,0,13,422,262,330,-45,1,90,139,151,107,105,134,2,3,4,3,2,3,3,14,1,0
131,0,9,423,263,330,-75,2,103,147,136,164,100,98,2,3,3,4,2,2,2,12,1,0
131,8,9,424,264,370,5,3,84,123,207,152,102,102,2,3,5,4,2,2,2,14,1,0
131,1024,137,425,264,350,15,1,97,163,137,166,126,105,2,4,3,4,3,2,2,13,1,0
131,0,9,426,264,330,60,1,89,139,163,135,109,118,2,3,5,4,2,2,2,14,1,0
515,2048,9,427,273,370,-60,2,132,186,150,124,94,105,3,4,4,3,2,3,3,14,1,0
515,2048,265,428,273,350,-40,2,100,133,154,163,127,110,2,3,4,3,3,2,2,12,1,0
515,2176,9,429,273,410,-50,3,117,165,152,99,107,149,3,3,4,2,3,3,3,16,1,0
7,0,17,430,282,370,50,1,115,107,158,158,153,139,3,3,3,4,4,4,4,11,1,0
7,0,32785,431,283,330,-45,2,113,112,146,184,122,185,3,4,4,4,3,4,4,14,1,0
1027,0,11,432,291,310,-40,1,116,121,168,220,92,144,3,3,4,5,2,2,2,13,1,0
1027,0,3,433,291,310,-10,3,180,143,159,137,105,93,3,4,4,3,2,3,3,15,1,0
1027,0,3,434,291,290,-60,2,109,152,191,205,126,92,2,3,5,5,3,2,2,11,1,0
19,0,640,435,296,370,25,3,193,127,77,49,158,83,5,4,1,1,4,1,1,14,1,0
19,0,640,436,296,350,60,2,166,125,65,145,160,61,4,3,2,3,4,1,1,12,1,0
1043,0,2688,437,296,330,-80,4,161,142,139,112,153,46,4,4,3,3,3,1,1,14,1,0
3,32,17,438,309,370,-5,1,116,116,141,127,115,157,3,2,4,4,2,4,4,14,1,0
3,32,262161,439,309,330,-25,1,105,98,170,130,82,166,3,2,4,3,2,4,4,16,1,0
3,32,17,440,309,350,45,1,116,120,146,165,139,151,3,3,3,4,3,3,3,14,1,0
3,1024,129,441,312,320,80,4,58,28,173,118,118,65,3,1,4,5,4,2,2,9,1,0
3,512,65665,442,312,320,80,4,67,24,169,112,115,75,3,1,4,5,4,2,2,9,1,0
3,1536,2177,443,312,320,80,4,75,25,165,121,105,69,3,1,4,5,4,2,2,9,1,0
67,512,3,444,321,370,-10,1,92,56,102,133,72,194,3,2,2,3,2,5,5,8,1,0
67,512,8195,445,321,370,20,1,97,137,74,143,106,117,3,3,2,3,2,4,4,11,1,0
67,516,16387,446,321,370,45,3,102,50,50,81,66,173,3,2,2,2,2,5,5,10,1,0
67,544,16387,447,322,370,20,1,76,88,135,118,107,146,3,2,3,3,2,5,5,12,1,0
67,4,3,448,322,370,40,3,111,130,84,71,143,97,3,3,2,2,2,5,5,13,1,0
67,513,8195,449,322,390,-30,4,121,139,98,82,141,110,3,3,2,2,2,5,5,12,1,0
67,512,3,450,323,410,10,2,93,75,139,71,64,141,3,2,3,2,2,4,4,11,1,0
3,0,5,451,326,470,-15,2,225,81,142,68,73,58,1,2,5,2,2,2,2,12,1,0
67,0,133,452,326,470,-15,2,214,80,159,51,65,71,1,2,5,2,2,2,2,12,1,0
1027,0,5,453,326,390,-65,4,212,99,189,132,102,72,2,2,5,3,2,2,2,12,1,0
1027,4096,69,454,327,390,-65,4,209,93,184,148,100,68,2,2,5,3,2,2,2,12,1,0
3,8,5,455,327,470,-15,2,233,86,145,64,67,48,1,2,5,2,2,2,2,12,1,0
1027,0,21,456,327,390,-65,4,208,91,204,124,96,79,2,2,5,3,2,2,2,12,1,0
259,0,5,457,331,340,-40,2,98,106,140,164,154,77,3,3,4,4,4,1,1,10,1,0
259,0,5,458,331,320,50,4,89,97,143,157,104,60,3,3,3,4,5,1,1,8,1,0
259,0,21,459,331,320,50,4,73,88,163,146,108,73,3,3,3,4,5,1,1,8,1,0
259,0,13,460,332,340,40,3,107,151,134,130,109,130,3,4,3,3,3,3,3,12,1,0
259,0,37,461,332,320,50,4,71,90,162,141,109,82,3,3,3,4,5,1,1,8,1,0
259,0,5,462,332,320,50,4,90,117,136,146,110,57,3,3,3,4,5,1,1,8,1,0
3,1152,25,463,345,410,-15,2,124,52,173,126,118,61,3,1,4,3,3,1,1,8,1,0
3,0,17,464,345,390,-50,2,165,74,146,116,107,96,4,2,2,3,2,2,2,9,1,0
3,0,17,465,345,390,-5,1,167,95,145,158,104,115,4,2,3,3,2,3,3,12,1,0
3,32,1041,466,345,410,25,1,150,55,123,129,136,96,4,1,3,3,2,2,2,10,1,0
195,0,65,467,358,310,-55,2,116,114,168,145,67,150,2,3,4,3,1,4,4,16,1,0
67,0,131137,468,358,350,45,2,119,102,147,93,78,139,3,2,3,2,1,3,3,14,1,0
67,0,65,469,358,270,-35,1,144,132,150,136,11,221,2,3,3,2,1,5,5,18,1,0
67,0,4161,470,359,270,-35,1,114,169,154,117,14,224,2,3,3,2,1,5,5,18,1,0
67,0,65,471,359,270,75,1,128,118,138,109,41,157,2,3,4,2,1,4,4,18,1,0
67,32,65,472,359,290,-15,1,92,111,151,117,49,236,2,3,3,3,1,5,5,16,1,0
67,0,65,473,360,270,-35,1,118,171,150,104,20,235,2,3,3,2,1,5,5,18,1,0
3,8192,41,474,366,380,25,1,179,154,73,128,163,127,4,4,1,3,4,3,3,17,1,0
3,8192,521,475,366,420,-45,3,194,163,39,130,103,146,4,4,1,3,3,4,4,18,1,0
3,8192,11,476,379,320,-35,2,132,122,183,131,92,94,3,3,4,3,2,2,2,12,1,0
3,64,9,477,379,380,50,2,185,114,132,168,69,91,5,2,3,3,1,2,2,12,1,0
3,64,1033,478,379,340,30,3,141,169,149,113,54,118,4,4,3,2,1,3,3,16,1,0
3,4,5,479,392,290,-60,2,108,138,130,143,134,117,2,3,3,4,3,2,2,8,1,0
3,4,517,480,392,270,50,1,130,169,107,155,94,141,3,4,3,4,2,3,3,13,1,0
3,4,5,481,392,270,-50,1,123,157,104,130,108,176,3,4,2,3,2,4,4,14,1,0
131,0,25,482,408,1,-65,2,999,387,321,355,1,999,1,1,1,1,1,1,1,12,1,0
7,4,32785,483,409,370,50,1,127,113,146,156,155,137,3,3,3,4,4,4,4,11,1,0
131,0,1033,484,1,320,-45,2,87,101,187,121,120,92,1,2,5,4,4,1,1,7,1,0
131,0,4105,485,10,300,70,1,71,91,198,162,120,68,1,2,5,4,3,2,2,11,1,0
131,0,4105,486,13,340,-30,1,89,92,123,154,121,141,2,2,3,4,3,3,3,7,1,0
1063,0,261,487,27,270,-70,2,112,192,158,127,105,124,3,5,5,3,2,3,3,19,1,0
35,8,5,488,29,290,35,1,120,184,161,131,136,115,3,5,4,3,3,3,3,18,1,0
15,4096,513,489,43,320,75,1,101,108,154,174,165,86,3,3,4,5,2,2,2,16,1,0
15,4096,513,490,48,340,30,1,94,108,122,167,171,96,3,3,3,5,2,2,2,13,1,0
131,0,5,491,52,380,-20,3,99,59,125,119,128,43,3,2,3,3,3,1,1,10,1,0
4099,0,261,492,53,420,55,3,174,64,34,114,144,64,5,2,2,3,3,1,1,12,1,0
577,64,262153,493,58,320,30,2,132,171,59,102,82,138,4,4,1,2,2,4,4,13,1,0
579,64,2057,494,65,320,45,4,120,160,49,122,92,172,4,4,2,3,3,3,3,11,1,0
3,8,32769,495,68,320,70,1,100,162,116,191,204,100,2,4,3,4,4,2,2,16,1,0
3,8,32769,496,75,300,70,1,212,139,88,112,113,105,2,4,3,3,3,3,3,17,1,0
259,256,4097,497,77,440,-60,2,62,66,154,104,155,60,2,1,4,2,4,1,1,8,1,0
259,256,36865,498,77,440,-60,2,70,33,183,97,160,54,2,1,4,2,4,1,1,8,1,0
259,256,20481,499,80,520,-85,3,27,45,159,47,189,32,3,1,4,1,4,1,1,9,1,0
71,0,66,500,93,370,35,3,105,227,128,73,69,198,3,5,3,1,1,5,5,18,1,0
71,4,66,501,94,370,20,1,113,142,144,72,115,136,3,4,3,2,2,4,4,16,1,0
71,0,66,502,96,390,10,1,126,151,130,82,84,208,3,4,3,2,1,5,5,18,1,0
71,0,66,503,97,350,60,2,180,143,117,135,73,109,3,4,3,3,2,3,3,14,1,0
71,0,66,504,98,350,40,1,109,222,115,76,132,121,3,5,2,2,3,3,3,17,1,0
71,0,66,505,104,370,-50,2,113,137,149,78,73,197,3,4,4,2,1,4,4,16,1,0
71,32,66,506,91,350,15,1,126,165,145,80,61,225,3,4,3,2,1,5,5,16,1,0
3,4,17,507,116,370,10,1,141,122,82,183,106,119,3,3,2,4,3,3,3,13,1,0
3,4,8388625,508,120,390,50,3,146,146,87,115,107,111,4,3,2,3,2,3,3,14,1,0
11,1,544,509,137,420,-50,4,105,158,90,112,86,220,3,4,3,3,1,5,5,14,1,0
11,1,544,510,141,400,-35,1,106,130,95,159,81,176,3,3,2,4,1,5,5,11,1,0
67,0,1049601,511,150,200,-10,1,128,98,78,48,45,193,3,3,2,3,2,5,5,17,1,0
67,0,1025,512,150,420,-10,1,137,94,72,45,55,189,3,3,2,3,2,5,5,17,1,0
267,0,2053,513,158,320,75,2,105,105,141,165,149,85,2,2,4,5,4,1,1,9,1,0
267,8192,5,514,159,320,55,1,92,106,0,212,204,82,2,3,3,4,4,1,1,11,1,0
267,0,5,515,163,380,65,2,117,107,133,166,117,64,3,2,4,4,3,1,1,9,1,0
267,0,2053,516,164,300,5,1,112,100,151,166,143,140,2,2,4,4,3,3,3,13,1,0
11,0,2113,517,171,320,-25,2,66,128,118,177,156,85,2,3,3,5,3,1,1,8,1,0
11,0,65,518,175,340,-50,2,71,100,151,163,127,74,2,3,4,5,3,1,1,10,1,0
11,0,65,519,177,340,40,1,91,109,122,161,130,88,2,3,3,5,3,2,2,9,1,0
7,0,69632,520,185,320,45,1,63,145,71,124,151,59,3,5,1,3,5,1,1,15,1,0
7,0,69632,521,186,98,75,1,98,98,98,98,98,98,3,4,3,3,4,2,2,16,1,0
3,0,3,522,199,420,70,3,194,140,51,75,91,169,5,4,1,2,1,3,3,16,1,0
1027,0,4099,523,201,360,-55,4,172,159,112,122,82,139,4,4,3,3,1,3,3,15,1,0
35,0,66560,524,209,270,90,1,119,143,188,130,98,114,2,4,5,3,2,3,3,17,1,0
35,0,66560,525,213,270,10,1,123,126,144,127,108,145,2,3,4,3,2,4,4,17,1,0
2051,128,262209,526,220,470,-55,3,18,19,20,18,19,20,2,1,5,3,5,2,2,17,1,0
2051,128,65,527,221,430,-60,2,88,86,154,134,197,140,2,2,5,3,5,2,2,15,1,0
7,1024,521,528,225,350,-30,2,12,12,12,12,12,12,3,4,3,2,3,2,2,14,1,0
7,1024,137,529,226,350,60,2,143,168,136,118,143,133,3,4,3,3,3,2,2,14,1,0
7,1024,9,530,227,370,35,3,187,181,80,59,80,114,4,5,2,1,2,3,3,18,1,0
7,1056,521,531,228,350,15,1,101,160,121,89,122,142,3,4,3,2,2,3,3,16,1,0
515,0,6,532,230,370,5,1,120,167,96,130,117,86,3,4,2,4,3,2,2,13,1,0
259,0,4101,533,235,380,-35,2,114,92,116,148,141,123,3,2,3,4,4,2,2,12,1,0
259,0,5,534,238,420,-10,4,165,84,76,127,146,116,4,2,2,4,4,2,2,15,1,0
35,16384,3,535,241,370,90,3,187,155,228,144,165,125,3,1,5,3,3,3,3,14,1,0
3,16,19,536,243,320,0,2,110,95,139,176,166,83,1,1,4,4,4,1,1,7,1,0
259,128,4101,537,245,280,-40,2,76,54,125,167,90,128,2,2,3,5,2,3,3,6,1,0
259,0,5,538,246,370,-25,1,59,22,13,198,49,187,3,2,1,5,1,5,5,6,1,0
131,0,2057,539,253,350,15,1,114,152,166,141,111,110,2,4,3,4,3,2,2,13,1,0
131,128,521,540,255,370,-65,2,84,159,187,134,94,114,2,3,5,4,2,2,2,12,1,0
515,2176,9,541,269,410,-50,3,148,138,159,101,107,128,3,3,4,2,3,3,3,16,1,0
515,2048,9,542,271,370,15,3,152,161,167,119,116,161,3,4,4,2,2,3,3,16,1,0
7,128,17,543,278,410,-30,3,110,90,158,155,134,161,3,2,4,4,4,3,3,13,1,0
7,0,2065,544,279,370,50,1,123,113,139,147,168,144,3,3,3,4,4,4,4,11,1,0
7,0,273,545,279,370,50,1,129,103,164,146,160,133,3,3,3,4,4,4,4,11,1,0
1027,0,3,546,288,290,30,2,153,112,192,194,121,102,3,3,5,5,3,2,2,11,1,0
1027,0,3,547,289,310,-40,1,139,134,161,208,103,119,3,3,4,5,2,2,2,13,1,0
1027,0,3,548,290,270,-90,4,140,124,208,217,103,98,3,3,5,5,2,2,2,13,1,0
1027,0,3,549,290,270,-90,4,127,134,210,201,115,109,3,3,5,5,2,2,2,13,1,0
1027,0,3,550,290,270,-90,4,134,118,203,216,120,107,3,3,5,5,2,2,2,13,1,0
19,0,640,551,292,350,60,2,182,122,64,137,162,53,4,3,2,3,4,1,1,12,1,0
19,0,640,552,294,370,25,3,216,125,47,47,166,83,5,4,1,1,4,1,1,14,1,0
19,64,2688,553,295,350,10,1,1,7,7,177,177,177,4,3,2,2,3,2,2,14,1,0
3,32,524305,554,304,370,-5,1,114,95,132,130,124,176,3,2,4,4,2,4,4,14,1,0
3,32,273,555,306,330,-25,1,143,100,140,124,97,153,3,2,4,3,2,4,4,16,1,0
3,2,129,556,311,320,80,4,59,39,157,112,107,95,3,1,4,5,4,2,2,9,1,0
67,544,3,557,318,370,20,1,88,69,125,148,93,147,3,2,3,3,2,5,5,12,1,0
67,512,3,558,319,370,45,3,124,65,43,76,52,162,3,2,2,2,2,5,5,10,1,0
3,0,5,559,325,470,-15,2,220,114,146,58,62,41,1,2,5,2,2,2,2,12,1,0
3,0,5,560,325,470,-15,2,207,73,200,59,65,43,1,2,5,2,2,2,2,12,1,0
259,0,69,561,329,340,-40,2,85,102,139,151,146,112,3,3,4,4,4,1,1,10,1,0
259,0,13,562,330,320,70,4,79,93,133,187,108,57,3,3,3,4,5,1,1,8,1,0
3,4,17,563,335,430,30,1,195,91,126,115,110,95,4,2,3,3,2,2,2,10,1,0
3,0,2065,564,336,410,70,2,142,76,131,119,143,52,4,1,3,4,3,1,1,8,1,0
3,0,21,565,337,410,50,1,167,147,116,131,115,86,4,3,2,3,3,1,1,11,1,0
3,32,17,566,340,410,25,1,150,66,125,150,102,88,4,1,3,3,2,1,1,10,1,0
3,0,17,567,342,390,-5,1,165,101,146,136,119,120,4,2,3,3,2,3,3,12,1,0
67,4,65,568,348,310,-10,1,25,25,25,25,25,25,2,3,3,3,2,4,4,16,1,0
291,0,8261,569,351,200,-90,1,92,125,147,119,45,164,2,3,4,2,1,4,4,18,1,0
67,0,65,570,355,270,-35,1,121,139,165,115,15,235,2,3,3,2,1,5,5,18,1,0
3,8192,137,571,361,100,15,3,155,182,75,112,109,160,4,4,2,2,2,4,4,18,1,0
3,8192,27,572,364,440,40,2,153,164,102,122,102,136,4,3,2,3,3,3,3,14,1,0
3,8192,9,573,365,420,-45,3,163,167,37,134,116,157,4,4,1,3,3,4,4,18,1,0
3,0,9,574,368,340,30,3,151,163,132,120,56,120,4,4,3,2,1,3,3,16,1,0
3,0,137,575,377,320,20,3,188,106,116,135,77,118,5,3,3,3,1,2,2,15,1,0
3,8192,5,576,388,350,20,2,171,137,111,184,93,80,4,3,2,4,2,2,2,10,1,0
3,8192,1029,577,388,350,20,2,172,130,131,168,91,79,4,3,2,4,2,2,2,10,1,0
3,0,37,578,391,230,-80,2,180,159,97,141,114,135,3,4,1,4,2,3,3,11,1,0
131,0,9,579,255,370,-65,2,91,131,181,144,103,110,2,3,5,4,2,2,2,12,1,0
135,0,9,580,1,300,-45,2,50,80,170,150,140,60,1,2,5,4,4,1,1,7,1,1
163,0,9,581,2,280,-60,2,90,110,190,140,120,80,2,3,5,4,3,2,2,12,1,1
139,4096,9,582,3,300,55,1,90,100,210,170,120,80,2,2,5,4,3,1,1,9,1,1
387,256,9,583,4,380,-70,3,70,110,190,120,160,100,2,2,5,3,4,1,1,8,1,1
195,0,9,584,5,320,15,3,80,110,150,120,100,130,2,3,4,3,3,3,3,11,1,1
135,4,9,585,6,320,-10,1,70,80,130,150,140,90,2,2,4,4,4,2,2,9,1,1
139,1,9,586,7,340,-50,4,80,110,140,150,100,130,2,3,4,4,3,3,3,10,1,1
387,0,9,587,8,300,55,2,50,80,170,150,140,60,1,2,5,4,4,1,1,8,1,1
135,0,521,588,9,300,25,1,90,120,130,190,160,80,2,3,3,4,4,1,1,10,1,1
163,0,4105,589,10,280,70,1,80,130,190,170,110,100,1,2,5,4,3,2,2,11,1,1
135,128,4105,590,11,360,-50,3,50,80,170,150,140,60,1,2,5,4,4,1,1,11,1,1
643,1024,4105,591,12,320,-20,1,70,110,130,150,140,60,2,3,4,4,4,1,1,9,1,1
387,0,4105,592,13,340,-30,1,60,110,100,210,90,190,2,2,3,4,3,3,3,7,1,1
135,0,4105,593,14,320,-60,2,80,90,210,180,110,110,1,2,5,4,3,1,1,9,1,1
643,2048,4105,594,15,320,-10,3,70,110,170,100,120,80,2,3,5,3,3,2,2,11,1,1
1163,0,4105,595,16,280,-75,4,90,90,200,190,120,90,2,2,5,4,3,1,1,9,1,1
139,32,4105,596,17,320,-20,1,120,80,170,150,110,160,2,2,5,4,3,2,2,10,1,1
135,0,4105,597,18,360,-25,2,150,80,170,100,110,60,1,2,5,3,3,1,1,9,1,1
135,0,4105,598,19,360,40,2,150,60,180,170,160,40,3,2,4,4,3,1,1,7,1,1
195,0,4105,599,20,280,-40,1,100,140,150,110,70,210,1,2,4,3,3,3,3,11,1,1
139,0,4105,600,21,300,-5,3,170,120,130,140,100,110,3,2,4,4,3,1,1,10,1,1
135,0,4105,601,22,280,-70,2,80,120,110,150,130,90,2,3,3,4,3,2,2,9,1,1
1063,128,4137,602,23,300,-75,4,81,108,192,173,134,39,2,2,5,4,3,1,1,9,1,0
139,1,9,603,24,380,10,4,100,158,141,170,110,118,2,3,4,4,3,3,3,10,1,0
779,8194,2113577,604,25,320,77,1,94,104,204,124,94,94,2,3,5,4,4,1,1,7,1,0
163,0,5,605,26,270,-55,2,80,130,170,120,100,110,2,4,5,3,3,2,2,14,1,1
51,0,5,606,27,250,-70,2,100,170,160,120,90,110,3,5,5,3,2,3,3,19,1,1
547,64,5,607,28,270,-5,2,100,170,130,120,90,110,3,5,3,3,2,3,3,17,1,1
99,8,5,608,29,270,35,1,100,170,140,120,130,110,3,5,4,3,3,3,3,18,1,1
99,0,5,609,30,290,0,3,100,170,140,80,90,130,3,5,4,2,2,4,4,19,1,1
43,1,5,610,31,310,-60,4,100,170,140,120,90,130,3,5,4,3,2,4,4,17,1,1
99,0,5,611,32,310,-30,1,100,150,140,120,90,130,3,4,4,3,2,4,4,18,1,1
291,0,5,612,33,270,40,2,100,140,160,130,90,80,3,4,5,4,3,2,2,15,1,1
43,0,5,613,34,250,55,1,100,130,160,120,90,110,3,4,5,3,2,3,3,18,1,1
39,128,5,614,35,330,-60,3,100,140,160,120,130,110,3,3,5,3,3,3,3,18,1,1
547,1024,5,615,36,290,-30,1,100,170,130,120,90,110,3,5,4,3,2,3,3,17,1,1
291,0,5,616,37,290,-40,1,70,100,110,140,90,150,3,4,3,4,2,4,4,14,1,1
1315,0,5,617,38,250,-80,4,100,130,160,140,90,110,3,4,5,4,2,3,3,17,1,1
99,0,5,618,39,250,-50,1,100,150,140,120,90,130,3,4,4,3,2,4,4,19,1,1
291,0,32773,619,40,270,-99,1,112,192,158,127,105,124,3,5,5,5,1,3,3,18,1,0
143,4096,513,620,41,300,-10,2,70,100,140,160,110,80,2,3,4,5,3,2,2,11,1,1
47,4096,513,621,42,280,-30,2,90,130,140,120,150,80,3,4,4,4,2,2,2,15,1,1
79,4096,513,622,43,300,75,1,90,100,140,160,150,80,3,3,4,5,2,2,2,16,1,1
79,4096,513,623,44,320,50,3,90,130,140,100,150,110,3,4,4,3,2,3,3,15,1,1
271,4097,513,624,45,340,-15,4,90,100,140,130,150,120,3,3,4,4,2,3,3,13,1,1
79,4096,513,625,46,340,30,1,90,100,110,140,150,120,3,3,3,4,2,3,3,15,1,1
271,4096,513,626,47,300,85,2,90,100,140,160,170,80,3,3,4,5,3,2,2,11,1,1
527,4096,513,627,48,320,30,1,90,100,110,160,150,80,3,3,3,5,2,2,2,13,1,1
1071,4096,513,628,49,280,-55,4,90,100,140,160,150,80,3,3,4,5,2,2,2,13,1,1
79,4,513,629,50,320,85,2,111,110,164,192,196,70,3,3,4,5,3,2,2,11,1,0
527,4096,33281,630,51,300,10,2,112,156,154,138,158,104,3,4,4,4,2,2,2,15,1,0
4227,0,5,631,52,360,-20,3,90,40,120,100,110,30,3,2,3,3,3,1,1,10,1,1
4103,0,5,632,53,400,55,3,170,50,30,100,110,60,5,2,2,3,3,1,1,12,1,1
4107,32,5,633,54,380,25,3,130,50,80,100,110,90,4,2,3,3,3,2,2,13,1,1
4107,0,5,634,55,420,55,3,171,62,105,100,100,84,5,2,2,3,3,1,1,12,1,0
4227,32,5,635,56,380,25,3,131,70,84,134,106,115,4,2,3,3,3,2,2,12,1,0
611,64,9,636,57,280,-55,2,120,150,110,70,90,140,4,4,3,2,2,4,4,15,1,1
587,64,9,637,58,300,30,2,120,150,50,70,90,140,4,4,1,2,2,4,4,13,1,1
611,72,9,638,59,300,60,1,100,150,80,110,120,130,3,4,2,3,3,3,3,14,1,1
583,64,9,639,60,320,35,3,120,150,80,70,90,140,4,4,2,2,2,4,4,15,1,1
587,65,9,640,61,340,-35,4,120,150,80,70,90,140,4,4,2,2,2,4,4,13,1,1
835,64,9,641,62,300,60,2,100,110,70,130,90,120,3,3,2,3,3,3,3,11,1,1
587,64,9,642,63,320,15,1,120,150,50,100,90,110,4,4,1,3,2,3,3,13,1,1
1611,64,9,643,64,280,-75,4,120,150,130,100,90,110,4,4,3,3,2,3,3,13,1,1
835,64,9,644,65,300,45,4,90,150,70,100,120,110,4,4,2,3,3,3,3,11,1,1
595,72,262153,645,66,320,60,1,100,178,92,138,129,126,3,4,2,3,3,3,3,14,1,0
35,8,32769,646,67,280,-35,2,90,140,130,150,110,80,2,4,4,4,3,2,2,17,1,1
67,8,32769,647,68,300,70,1,100,150,110,160,170,90,2,4,3,4,4,2,2,16,1,1
67,8,32769,648,69,320,50,3,90,150,120,110,100,80,2,4,3,3,3,3,3,17,1,1
11,12,32769,649,70,320,30,1,90,130,110,140,150,80,2,4,3,4,4,2,2,15,1,1
259,8,32769,650,72,320,10,1,80,110,90,150,120,100,2,3,2,4,3,3,3,12,1,1
1059,8,32769,651,73,280,-55,4,90,140,130,150,120,80,2,4,4,4,3,2,2,15,1,1
7,8,32769,652,74,360,20,2,90,100,150,110,120,80,2,3,4,3,3,2,2,14,1,1
67,8,32769,653,75,280,0,1,90,150,100,120,130,110,2,4,3,3,3,3,3,17,1,1
1539,8,32833,654,76,300,-55,4,102,161,147,159,127,101,2,4,4,4,3,2,2,15,1,0
387,256,4097,655,77,420,-60,2,60,30,140,90,150,50,2,1,4,2,4,1,1,8,1,1
291,256,4097,656,78,400,-75,2,90,100,150,80,110,70,3,3,4,2,3,2,2,12,1,1
263,264,4097,657,79,420,30,1,40,70,140,90,150,50,3,2,4,2,4,1,1,12,1,1
267,256,4097,658,80,500,-85,3,20,10,150,40,160,30,3,1,4,1,4,1,1,9,1,1
323,256,4097,659,81,440,-10,3,80,120,150,60,100,110,3,3,4,1,3,3,3,13,1,1
267,257,4097,660,82,460,-60,4,50,40,140,60,120,100,3,2,4,2,3,3,3,11,1,1
771,256,4097,661,83,440,-40,1,80,70,120,90,150,50,3,2,3,2,4,1,1,11,1,1
771,256,4097,662,84,440,-45,1,60,50,120,100,130,110,3,1,3,3,3,3,3,8,1,1
1347,256,4097,663,85,400,-90,4,80,70,130,100,120,50,3,2,4,3,3,1,1,11,1,1
263,256,4097,664,86,480,-40,2,60,50,150,40,120,30,3,1,4,1,3,1,1,10,1,1
267,256,69633,665,87,460,40,1,124,82,129,111,134,55,3,2,3,2,4,1,1,11,1,0
195,0,66,666,88,330,-30,2,90,150,140,80,70,120,2,4,4,2,2,3,3,14,1,1
99,0,66,667,89,310,-55,2,100,220,130,90,60,150,3,5,4,2,1,4,4,18,1,1
579,64,66,668,90,330,30,2,110,180,100,70,60,160,3,5,2,1,1,5,5,16,1,1
99,8,66,669,91,330,60,1,100,170,120,80,60,140,3,5,3,2,2,4,4,17,1,1
323,256,66,670,92,410,-70,3,90,130,100,60,70,120,3,3,3,1,2,3,3,14,1,1
71,0,66,671,93,350,35,3,100,220,110,70,60,160,3,5,3,1,1,5,5,18,1,1
75,4,66,672,94,350,20,1,100,140,110,70,90,130,3,4,3,2,2,4,4,16,1,1
75,1,66,673,95,370,-35,4,110,200,100,80,60,180,3,5,3,2,1,5,5,16,1,1
83,0,66,674,96,370,10,1,120,150,110,80,40,200,3,4,3,2,1,5,5,18,1,1
323,0,66,675,97,330,60,2,120,140,110,130,70,100,3,4,3,3,2,3,3,14,1,1
71,0,66,676,98,330,40,1,100,160,110,70,130,120,3,5,2,2,3,3,3,17,1,1
195,0,66,677,99,370,60,3,140,210,70,50,40,150,4,5,2,1,1,4,4,17,1,1
99,0,66,678,100,310,70,1,100,150,110,60,50,130,3,4,4,2,1,4,4,18,1,1
71,1024,66,679,101,350,35,3,110,150,140,80,60,160,3,5,4,1,1,4,4,18,1,1
579,0,66,680,102,350,15,1,110,160,120,90,70,130,3,5,3,2,2,4,4,16,1,1
323,0,66,681,103,350,-10,1,90,110,100,120,30,200,3,4,2,3,1,5,5,13,1,1
195,0,66,682,104,350,-50,2,110,130,140,70,60,150,3,4,4,2,1,4,4,16,1,1
1603,0,66,683,105,310,-75,4,100,130,140,110,60,150,3,4,4,3,1,4,4,16,1,1
323,32,66,684,106,350,15,1,120,160,100,70,50,220,3,4,3,2,1,5,5,16,1,1
71,0,66,685,107,390,5,2,110,140,150,50,60,160,2,4,4,1,1,4,4,16,1,1
75,0,66,686,108,390,50,2,140,100,110,90,60,130,4,3,3,2,1,3,3,14,1,1
99,0,66,687,109,310,-20,1,130,140,110,40,60,170,3,4,3,1,1,5,5,18,1,1
75,0,66,688,110,330,25,3,150,160,110,90,20,130,4,4,3,2,1,4,4,17,1,1
71,0,66,689,111,310,-65,2,120,190,60,70,50,150,3,5,2,2,1,4,4,15,1,1
83,0,16450,690,112,330,-20,1,142,142,122,44,103,181,3,4,3,1,1,5,5,18,1,0
131,4,17,691,113,330,-40,2,70,110,120,140,100,90,2,3,3,4,3,2,2,11,1,1
35,4,17,692,114,330,-65,2,90,120,110,140,100,80,3,4,3,4,3,3,3,15,1,1
67,4,17,693,115,350,30,3,110,140,80,120,100,130,3,4,2,3,2,4,4,15,1,1
11,4,17,694,116,350,10,1,130,120,80,140,100,110,3,3,2,4,3,3,3,13,1,1
67,4,17,695,117,370,-5,1,130,120,80,150,110,140,3,3,2,4,3,4,4,15,1,1
259,4,17,696,118,330,55,2,130,120,100,150,110,90,3,3,3,4,3,2,2,11,1,1
7,4,17,697,119,330,35,1,120,140,80,150,130,100,3,4,2,4,4,2,2,14,1,1
7,4,17,698,120,370,50,3,130,120,80,110,90,100,4,3,2,3,2,3,3,14,1,1
35,4,17,699,121,310,65,1,140,130,100,150,110,120,3,3,3,4,3,3,3,15,1,1
11,132,17,700,122,390,-50,3,120,90,130,140,100,110,3,2,3,4,4,3,3,15,1,1
515,4,17,701,123,350,10,1,130,120,80,150,100,110,3,3,2,4,3,3,3,13,1,1
131,4,17,702,124,350,-60,2,140,110,100,150,120,130,3,3,3,4,3,3,3,13,1,1
1031,4,17,703,125,310,-85,4,120,100,90,140,130,110,3,3,3,4,3,3,3,13,1,1
11,36,17,704,126,350,0,1,120,130,100,140,110,140,3,3,3,4,3,3,3,13,1,1
7,4,17,705,127,390,-10,2,90,130,100,120,140,110,2,3,3,3,3,3,3,13,1,1
131,4,17,706,128,390,45,2,130,90,80,140,120,100,4,2,2,4,3,2,2,11,1,1
67,4,17,707,129,310,-30,1,110,100,80,120,90,150,3,3,2,3,2,4,4,15,1,1
67,4,17,708,130,330,20,3,150,110,80,130,70,120,4,3,2,4,2,3,3,14,1,1
11,4,17,709,131,310,-75,2,130,100,60,150,120,110,3,3,2,4,3,3,3,12,1,1
1027,4,145,710,132,350,-40,2,94,120,139,151,107,105,2,3,3,4,3,2,2,11,1,0
139,1,544,711,133,360,-50,2,90,110,150,130,100,120,2,3,4,3,2,3,3,11,1,1
43,1,544,712,134,340,-65,2,100,130,150,110,70,140,3,4,4,3,1,4,4,16,1,1
523,65,544,713,135,360,5,2,100,150,80,110,30,180,3,4,2,3,1,5,5,14,1,1
75,1,544,714,136,380,10,3,120,150,100,90,60,170,3,4,3,2,1,5,5,16,1,1
75,1,544,715,137,400,-50,4,100,150,80,110,70,180,3,4,3,3,1,5,5,14,1,1
75,1,544,716,138,400,-25,1,120,140,90,110,50,160,3,4,3,3,1,5,5,15,1,1
267,1,544,717,139,360,50,2,130,110,120,140,90,100,3,3,3,4,2,3,3,12,1,1
43,16385,544,718,140,380,65,3,100,120,130,110,90,150,3,3,4,3,2,4,4,14,1,1
267,1,544,719,141,380,-35,1,90,120,80,140,70,160,3,3,2,4,1,5,5,11,1,1
1039,1,544,720,142,340,-80,4,100,120,150,140,80,130,3,4,4,4,1,4,4,14,1,1
15,1,544,721,143,420,-30,2,90,120,130,110,70,150,2,3,4,3,1,4,4,13,1,1
27,1,544,722,144,440,-30,2,95,137,143,117,96,166,3,3,4,3,1,4,4,13,1,0
43,1,8736,723,145,360,-65,2,129,137,185,112,79,147,3,4,4,3,1,4,4,16,1,0
331,1,544,724,146,400,-35,1,99,125,87,178,88,163,3,3,2,4,1,5,5,11,1,0
75,8,1025,725,147,360,65,1,100,160,110,160,130,100,3,3,2,3,3,4,4,17,1,1
71,0,1025,726,148,380,30,3,120,180,90,80,80,210,3,4,2,2,2,5,5,17,1,1
75,1,1025,727,149,400,-40,4,130,120,80,110,100,170,3,3,2,3,2,5,5,16,1,1
83,0,1025,728,150,400,-10,1,110,150,90,140,100,190,3,3,2,3,2,5,5,17,1,1
195,0,1025,729,151,380,-50,2,100,120,130,110,70,140,3,3,3,3,2,4,4,15,1,1
1603,0,1025,730,152,340,-65,4,100,110,120,140,70,150,3,3,3,4,2,4,4,15,1,1
75,0,1025,731,153,420,-15,2,100,120,190,120,100,140,2,3,3,3,2,4,4,15,1,1
323,64,3073,732,154,400,-50,2,102,129,192,111,75,146,3,3,3,3,2,4,4,15,1,0
395,0,5,733,155,300,-10,2,90,80,140,170,150,60,2,2,4,5,4,1,1,8,1,1
331,0,5,734,156,320,50,3,80,100,140,110,130,120,2,3,4,3,3,3,3,13,1,1
271,4,5,735,157,320,30,1,80,90,120,160,140,100,2,2,3,5,4,2,2,11,1,1
271,0,5,736,158,300,75,2,80,90,130,160,140,70,2,2,4,5,4,1,1,9,1,1
271,0,5,737,159,300,55,1,80,100,120,150,140,70,2,3,3,4,4,1,1,11,1,1
299,0,5,738,160,280,85,1,80,90,130,150,140,70,2,2,4,4,3,2,2,12,1,1
395,0,5,739,161,320,-28,2,100,110,170,190,110,80,2,2,4,5,3,1,1,10,1,1
271,32,5,740,162,320,35,1,70,90,150,160,120,80,2,2,4,5,3,2,2,11,1,1
395,0,5,741,163,360,65,2,170,110,140,150,120,80,3,2,4,4,3,1,1,9,1,1
331,0,5,742,164,280,5,1,100,90,140,150,130,120,2,2,4,4,3,3,3,13,1,1
283,0,5,743,165,300,40,3,110,150,150,170,130,70,3,2,4,4,3,1,1,11,1,1
299,0,5,744,166,280,-45,2,90,120,110,190,130,80,2,3,3,5,3,2,2,10,1,1
779,0,5,745,167,320,75,2,97,106,156,171,147,75,2,2,4,5,4,1,1,9,1,0
139,0,65,746,168,300,-40,2,70,90,160,170,130,60,2,3,4,5,3,1,1,8,1,1
43,0,65,747,169,280,-55,2,70,100,140,160,120,90,2,4,4,4,3,2,2,12,1,1
267,0,65,748,170,300,65,2,80,110,140,210,160,70,2,3,3,5,3,1,1,8,1,1
27,0,65,749,171,300,-25,2,60,100,110,160,150,70,2,3,3,5,3,1,1,8,1,1
15,128,65,750,172,360,-45,3,90,80,170,160,180,80,2,2,4,4,4,1,1,12,1,1
523,0,65,751,173,320,-10,1,100,130,130,190,140,90,2,3,3,5,3,1,1,10,1,1
267,0,65,752,174,320,-25,1,110,100,100,190,110,160,2,3,2,5,2,3,3,7,1,1
139,0,65,753,175,320,-50,2,90,120,190,190,120,70,2,3,4,5,3,1,1,10,1,1
523,2048,65,754,176,320,5,3,90,140,150,160,140,80,2,3,3,4,3,2,2,11,1,1
15,0,65,755,177,320,40,1,80,120,130,190,150,100,2,3,3,5,3,2,2,9,1,1
1039,0,65,756,178,280,-70,4,90,110,170,190,120,70,2,3,4,5,3,1,1,10,1,1
15,0,65,757,179,360,-20,2,100,110,200,150,130,90,2,3,4,4,3,1,1,10,1,1
1035,512,67,758,180,340,40,1,65,108,128,183,128,88,2,3,3,5,3,2,2,9,1,0
135,0,69632,759,181,300,-25,2,80,130,100,120,180,50,2,4,3,3,5,1,1,12,1,1
71,0,69632,760,182,320,40,3,100,170,80,90,110,120,3,5,2,2,3,3,3,16,1,1
71,4,69632,761,183,320,20,1,100,130,70,110,140,80,3,4,1,3,4,2,2,14,1,1
263,0,69632,762,184,300,65,2,100,130,70,160,170,40,3,4,2,4,5,1,1,13,1,1
23,0,69632,763,185,300,45,1,50,130,70,100,140,40,3,5,1,3,5,1,1,15,1,1
39,0,69632,764,186,280,75,1,100,130,90,110,140,50,3,4,3,3,4,2,2,16,1,1
135,0,69632,765,187,320,-45,2,90,140,100,110,130,70,3,4,3,3,4,1,1,14,1,1
15,32,69632,766,188,320,20,1,100,140,60,110,130,90,3,4,2,3,4,2,2,15,1,1
71,0,69632,767,189,360,55,2,120,110,90,100,140,70,4,3,2,3,4,1,1,12,1,1
71,0,69632,768,190,280,-15,1,100,140,90,120,130,110,3,4,2,3,3,3,3,16,1,1
39,0,69632,769,191,300,30,3,120,140,90,100,110,70,4,4,2,3,3,1,1,15,1,1
15,0,69632,770,192,280,-60,2,110,160,70,120,140,100,3,5,1,3,4,2,2,13,1,1
87,0,69696,771,193,320,45,1,94,142,76,112,153,42,3,5,1,3,5,1,1,15,1,0
35,0,3,772,194,340,-35,2,150,130,100,80,60,120,4,4,3,2,1,3,3,17,1,1
67,0,3,773,195,380,50,3,160,130,70,90,60,150,4,4,2,2,1,4,4,17,1,1
11,1,3,774,196,400,-15,4,150,140,70,80,50,160,4,4,2,2,1,4,4,15,1,1
259,0,3,775,197,360,75,2,150,120,50,100,70,90,4,3,2,3,2,2,2,13,1,1
7,0,3,776,198,360,55,1,150,130,50,90,100,80,4,4,1,2,3,2,2,16,1,1
7,0,3,777,199,400,70,3,180,130,50,70,60,150,5,4,1,2,1,3,3,16,1,1
11,128,3,778,200,420,-20,3,160,110,120,70,100,130,4,3,3,2,3,3,3,16,1,1
1031,0,3,779,201,340,-55,4,160,140,100,110,70,120,4,4,3,3,1,3,3,15,1,1
131,32,3,780,202,380,30,1,150,120,90,100,70,130,4,3,2,3,1,3,3,15,1,1
75,68,3,781,203,440,-15,4,156,146,98,95,58,177,4,4,2,2,1,4,4,15,1,0
163,0,66560,782,204,270,0,2,100,130,170,120,110,90,2,3,5,3,3,2,2,13,1,1
99,0,66560,783,205,290,55,3,90,160,120,110,100,150,2,4,4,2,2,4,4,17,1,1
39,4,66560,784,206,290,40,1,100,130,140,110,90,100,2,3,4,3,2,3,3,15,1,1
291,0,66560,785,207,270,80,2,90,120,160,130,110,100,2,3,5,4,3,2,2,14,1,1
39,0,66560,786,208,270,60,1,100,150,110,130,120,90,2,4,3,3,3,2,2,16,1,1
43,0,66560,787,209,250,90,1,110,130,160,120,90,100,2,4,5,3,2,3,3,17,1,1
163,0,66560,788,210,290,-20,2,90,130,160,120,100,110,2,3,5,3,2,3,3,15,1,1
43,32,66560,789,211,290,40,1,90,120,150,110,80,100,2,3,5,3,2,3,3,16,1,1
39,0,66560,790,212,330,70,2,110,100,140,120,80,90,3,2,4,3,2,2,2,13,1,1
99,0,66560,791,213,250,10,1,90,110,130,120,100,140,2,3,4,3,2,4,4,17,1,1
99,0,66560,792,214,270,45,3,100,110,140,120,80,90,3,3,4,3,2,3,3,16,1,1
291,0,66560,793,215,250,-35,2,90,130,140,120,100,110,2,3,3,3,2,3,3,15,1,1
39,0,70656,794,216,290,50,2,111,143,185,139,111,114,2,3,5,3,3,2,2,13,1,0
2083,128,65,795,217,370,-65,2,80,120,160,120,150,100,2,3,5,3,4,2,2,18,1,1
2307,128,65,796,218,390,50,2,70,60,170,140,160,100,2,1,5,4,5,2,2,14,1,1
2083,128,65,797,219,370,65,1,80,70,170,120,140,90,2,2,5,3,4,2,2,17,1,1
2055,128,65,798,220,450,-55,3,70,60,170,140,160,100,2,1,5,3,5,2,2,17,1,1
2179,128,65,799,221,410,-60,2,70,80,140,120,170,130,2,2,5,3,5,2,2,15,1,1
2055,128,65,800,222,410,25,1,70,80,170,140,150,90,2,2,4,3,5,3,3,15,1,1
3083,128,65,801,223,370,-80,4,80,70,140,110,170,100,2,2,5,4,4,2,2,15,1,1
2131,128,32833,802,224,430,25,1,82,92,189,159,162,102,2,2,5,4,4,2,2,15,1,0
135,1024,9,803,225,330,-30,2,120,150,110,70,100,90,3,4,3,2,3,2,2,14,1,1
263,1024,9,804,226,330,60,2,140,160,130,110,120,100,3,4,3,3,3,2,2,14,1,1
71,1024,9,805,227,350,35,3,150,180,80,50,60,100,4,5,2,1,2,3,3,18,1,1
15,1056,9,806,228,350,15,1,100,150,120,80,90,110,4,4,3,2,2,3,3,16,1,1
39,1024,9,807,229,350,-30,2,139,158,121,104,104,96,3,4,3,2,3,2,2,14,1,0
519,0,6,808,230,350,5,1,120,160,100,150,130,100,3,4,2,4,3,2,2,13,1,1
1547,0,6,809,231,310,-90,4,100,150,120,140,110,90,3,4,3,4,3,2,2,13,1,1
1547,0,2054,810,232,330,-90,4,123,153,128,173,116,98,3,4,3,4,3,2,2,13,1,0
579,0,6,811,233,370,5,1,107,150,127,126,116,90,3,4,2,4,3,2,2,13,1,0
1539,0,16390,812,234,370,5,1,101,134,102,153,126,98,3,4,2,4,3,2,2,13,1,0
387,0,5,813,235,360,-35,2,110,80,100,130,140,90,3,2,3,4,4,2,2,12,1,1
323,0,5,814,236,360,70,2,100,80,120,130,140,90,3,2,3,4,4,2,2,13,1,1
263,0,5,815,237,360,40,1,130,100,80,140,150,90,4,3,2,4,4,2,2,15,1,1
263,0,5,816,238,400,-10,4,130,80,70,120,140,90,4,2,2,4,4,2,2,15,1,1
267,32,5,817,239,380,-10,1,130,80,100,140,110,90,4,2,3,4,3,3,3,15,1,1
275,1536,1029,818,240,380,-10,1,146,90,105,143,129,126,3,2,3,4,3,3,3,15,1,0
51,16384,3,819,241,350,30,3,170,150,190,140,160,110,3,1,5,3,3,3,3,14,1,1
99,16384,131,820,242,370,90,3,171,184,192,150,196,111,3,1,5,3,3,3,3,14,1,0
515,16,3,821,243,300,0,2,140,110,180,120,160,70,1,1,4,4,4,1,1,7,1,1
1027,16,3,822,244,320,0,2,116,102,121,171,167,89,1,1,4,4,4,1,1,7,1,0
387,0,5,823,245,360,-40,2,60,50,100,160,80,110,2,2,3,5,2,3,3,6,1,1
263,0,5,824,246,350,-25,1,50,20,10,160,30,170,3,2,1,5,1,5,5,6,1,1
387,0,5,825,247,350,-50,2,70,90,100,170,60,160,3,2,3,5,1,4,4,8,1,1
267,0,5,826,248,350,-40,2,62,62,104,203,91,122,2,2,3,5,2,3,3,6,1,0
139,0,9,827,249,330,-50,2,80,120,170,130,100,90,2,3,5,4,3,2,2,10,1,1
195,0,9,828,250,350,5,3,80,120,170,130,90,100,2,4,4,3,2,3,3,14,1,1
643,4,9,829,251,350,-25,1,80,120,150,130,90,100,2,3,4,4,2,2,2,12,1,1
387,0,9,830,252,330,45,2,80,120,160,130,110,100,2,3,5,4,3,2,2,11,1,1
135,0,9,831,253,330,15,1,80,150,130,140,110,100,2,4,3,4,3,2,2,13,1,1
163,0,9,832,254,310,60,1,80,120,150,130,90,100,2,3,5,4,2,2,2,14,1,1
147,0,9,833,255,350,-65,2,80,120,170,130,90,100,2,3,5,4,2,2,2,12,1,1
139,32,9,834,256,350,-25,1,100,110,150,130,90,120,2,3,5,4,2,3,3,13,1,1
135,0,9,835,257,390,30,2,120,100,140,130,80,90,3,2,4,4,2,2,2,10,1,1
195,0,9,836,258,310,-45,1,80,120,140,100,90,110,2,3,4,3,2,3,3,14,1,1
139,0,9,837,259,330,-15,3,110,120,140,130,90,100,3,3,4,4,2,2,2,13,1,1
387,0,9,838,260,310,-75,2,100,130,110,150,80,90,2,3,3,4,2,2,2,12,1,1
139,0,2057,839,261,330,60,1,88,128,177,150,93,114,2,3,5,4,2,2,2,12,1,0
139,0,13,840,262,330,-45,1,90,139,151,107,105,134,2,3,4,3,2,3,3,14,1,0
139,0,9,841,263,330,-75,2,103,147,136,164,100,98,2,3,3,4,2,2,2,12,1,0
387,8,9,842,264,370,5,3,84,123,207,152,102,102,2,3,5,4,2,2,2,14,1,0
195,0,25,843,408,1,-65,2,999,387,321,355,1,999,1,1,1,1,1,1,1,12,1,0
643,2048,9,844,266,330,-40,2,90,130,150,120,110,100,2,3,4,3,3,2,2,12,1,1
771,2048,9,845,267,330,55,2,120,130,150,110,100,90,3,3,4,3,3,2,2,13,1,1
519,2048,9,846,268,330,35,1,130,140,110,100,120,90,3,4,3,2,3,2,2,16,1,1
523,2176,9,847,269,390,-50,3,110,130,150,90,100,120,3,3,4,2,3,3,3,16,1,1
643,2048,9,848,270,350,-60,2,130,150,140,110,80,100,3,4,4,3,2,3,3,14,1,1
519,2048,9,849,271,350,15,3,140,160,150,110,100,130,3,4,4,2,2,3,3,16,1,1
1547,2048,9,850,272,310,-85,4,110,160,150,130,100,120,3,4,4,3,2,3,3,15,1,1
643,2048,9,851,273,370,-60,2,132,186,150,124,94,105,3,4,4,3,2,3,3,14,1,0
135,0,17,852,274,330,-20,2,100,110,120,140,150,130,2,3,4,4,4,3,3,9,1,1
39,0,17,853,275,310,-45,2,100,110,140,150,120,160,3,4,4,4,3,4,4,14,1,1
15,1,17,854,276,370,-25,4,100,110,120,150,130,140,3,3,3,4,3,4,4,12,1,1
263,0,17,855,277,330,65,2,110,100,120,140,150,130,3,3,3,4,4,3,3,10,1,1
135,128,17,856,278,390,-30,3,100,80,150,140,130,120,3,2,4,4,4,3,3,13,1,1
71,0,17,857,279,350,50,1,110,100,120,140,150,130,3,3,3,4,4,4,4,11,1,1
1039,0,17,858,280,310,-65,4,100,110,140,150,130,110,3,3,4,4,3,3,3,12,1,1
15,32,17,859,281,350,20,1,110,100,130,140,120,150,3,3,3,4,3,4,4,12,1,1
135,0,17,860,282,370,50,1,115,107,158,158,153,139,3,3,3,4,4,4,4,11,1,0
263,0,32785,861,283,330,-45,2,113,112,146,184,122,185,3,4,4,4,3,4,4,14,1,0
23,4,32785,862,409,370,50,1,127,113,146,156,155,137,3,3,3,4,4,4,4,11,1,0
1155,0,3,863,285,270,-60,2,100,110,190,200,120,90,2,3,5,5,3,2,2,11,1,1
1059,0,3,864,286,250,-80,2,120,140,190,160,100,90,3,4,5,4,2,2,2,15,1,1
1091,0,3,865,287,290,-10,3,120,140,150,130,100,90,3,4,4,3,2,3,3,15,1,1
1283,0,3,866,288,270,30,2,110,100,190,190,110,90,3,3,5,5,3,2,2,11,1,1
1539,0,3,867,289,290,-40,1,110,120,160,200,90,100,3,3,4,5,2,2,2,13,1,1
1035,0,3,868,290,250,-90,4,120,110,200,190,100,90,3,3,5,5,2,2,2,13,1,1
1059,0,11,869,291,310,-40,1,116,121,168,220,92,144,3,3,4,5,2,2,2,13,1,0
275,0,640,870,292,330,60,2,160,120,60,100,150,50,4,3,2,3,4,1,1,12,1,1
1051,0,640,871,293,310,-80,4,150,140,130,110,100,40,4,4,3,3,3,1,1,14,1,1
83,0,640,872,294,350,25,3,190,120,30,40,150,70,5,4,1,1,4,1,1,14,1,1
27,32,640,873,295,350,10,1,140,130,80,70,120,90,4,3,2,2,3,2,2,14,1,1
23,0,640,874,296,370,25,3,193,127,77,49,158,83,5,4,1,1,4,1,1,14,1,0
131,32,17,875,297,330,-30,2,80,90,150,160,100,110,2,2,4,4,3,3,3,11,1,1
67,32,17,876,298,350,35,3,100,110,130,120,90,140,3,3,4,3,2,4,4,16,1,1
67,36,17,877,299,350,10,1,100,90,120,140,110,150,3,2,3,4,2,4,4,14,1,1
259,32,17,878,300,330,75,2,90,100,150,140,110,120,3,2,4,4,3,3,3,12,1,1
7,32,17,879,301,330,45,1,100,110,130,150,120,140,3,3,3,4,3,3,3,14,1,1
35,32,17,880,302,310,90,1,90,80,140,110,100,150,3,2,4,4,2,4,4,15,1,1
131,32,17,881,303,350,-45,2,100,90,150,130,80,120,3,2,4,4,2,3,3,13,1,1
19,32,17,882,304,350,-5,1,100,90,130,120,110,140,3,2,4,4,2,4,4,14,1,1
7,32,17,883,305,390,60,2,120,80,150,140,90,110,4,2,4,4,2,3,3,12,1,1
67,32,17,884,306,310,-25,1,100,90,130,120,80,150,3,2,4,3,2,4,4,16,1,1
11,32,17,885,307,330,20,3,110,90,140,130,100,120,4,2,4,4,2,3,3,14,1,1
131,32,17,886,308,310,-54,2,90,100,130,120,110,140,3,3,3,4,2,4,4,13,1,1
35,32,17,887,309,370,-5,1,116,116,141,127,115,157,3,2,4,4,2,4,4,14,1,0
1031,2,129,888,310,280,-50,4,70,90,150,170,120,60,3,2,4,5,3,2,2,11,1,1
515,2,129,889,311,300,80,4,50,10,150,110,100,60,3,1,4,5,4,2,2,9,1,1
67,1024,129,890,312,320,80,4,58,28,173,118,118,65,3,1,4,5,4,2,2,9,1,0
75,512,3,891,313,350,40,3,100,120,50,60,140,80,3,3,2,2,2,5,5,13,1,1
75,513,3,892,314,370,-30,4,90,130,80,70,140,100,3,3,2,2,2,5,5,12,1,1
71,640,3,893,315,390,-35,3,90,60,110,80,120,130,3,2,3,2,3,4,4,13,1,1
579,512,3,894,316,350,20,1,80,120,60,130,90,110,3,3,2,3,2,4,4,11,1,1
323,512,3,895,317,350,-10,1,80,50,90,120,70,150,3,2,2,3,2,5,5,8,1,1
195,544,3,896,318,350,20,1,70,60,120,110,90,140,3,2,3,3,2,5,5,12,1,1
83,512,3,897,319,350,45,3,90,40,30,70,50,160,3,2,2,2,2,5,5,10,1,1
71,512,3,898,320,390,10,2,80,60,120,70,40,130,3,2,3,2,2,4,4,11,1,1
323,512,3,899,321,370,-10,1,92,56,102,133,72,194,3,2,2,3,2,5,5,8,1,0
83,544,16387,900,322,370,20,1,76,88,135,118,107,146,3,2,3,3,2,5,5,12,1,0
75,512,3,901,323,410,10,2,93,75,139,71,64,141,3,2,3,2,2,4,4,11,1,0
1031,0,5,902,324,370,-65,4,200,80,170,120,90,60,2,2,5,3,2,2,2,12,1,1
67,0,5,903,325,450,-15,2,210,70,160,130,90,130,1,2,5,2,2,2,2,12,1,1
515,0,5,904,326,470,-15,2,223,74,187,82,100,134,1,2,5,2,2,2,2,12,1,0
1031,4096,69,905,327,390,-65,4,209,93,184,148,100,68,2,2,5,3,2,2,2,12,1,0
323,0,5,906,328,320,40,3,70,150,120,130,100,110,3,4,3,3,3,3,3,12,1,1
387,0,5,907,329,320,-40,2,80,100,130,150,140,50,3,3,4,4,4,1,1,10,1,1
323,0,5,908,330,300,50,4,70,80,130,140,100,50,3,3,3,4,5,1,1,8,1,1
267,0,5,909,331,340,-40,2,98,106,140,164,154,77,3,3,4,4,4,1,1,10,1,0
291,0,13,910,332,340,40,3,107,151,134,130,109,130,3,4,3,3,3,3,3,12,1,0
131,0,17,911,333,390,-15,2,140,70,190,140,130,100,3,1,4,3,3,1,1,8,1,1
67,0,17,912,334,410,45,3,160,120,110,80,70,130,4,3,3,2,2,3,3,12,1,1
67,4,17,913,335,410,30,1,150,80,120,110,100,90,4,2,3,3,2,2,2,10,1,1
259,0,17,914,336,390,70,2,150,80,160,160,130,60,4,1,3,4,3,1,1,8,1,1
7,0,17,915,337,390,50,1,160,130,100,120,110,60,4,3,2,3,3,1,1,11,1,1
35,0,17,916,338,370,80,1,160,110,190,130,100,90,4,2,4,3,2,2,2,12,1,1
139,0,17,917,339,410,-35,2,150,100,180,160,110,90,4,2,4,3,2,1,1,10,1,1
515,32,17,918,340,410,25,1,170,70,150,140,120,110,4,1,3,3,2,2,2,10,1,1
35,0,17,919,341,450,60,2,200,70,150,140,110,80,5,1,3,3,2,1,1,8,1,1
67,0,17,920,342,370,-5,1,150,90,130,120,100,110,4,2,3,3,2,3,3,12,1,1
7,0,17,921,343,390,35,3,210,110,140,130,90,90,5,2,3,3,2,1,1,11,1,1
35,0,17,922,344,370,-50,2,160,130,110,160,110,130,4,2,2,3,2,2,2,9,1,1
1027,1152,25,923,345,410,-15,2,124,52,173,126,118,61,3,1,4,3,3,1,1,8,1,0
195,0,65,924,346,270,-40,2,90,130,150,100,50,120,2,3,4,3,2,3,3,14,1,1
71,0,65,925,347,290,20,3,90,130,120,100,10,200,2,4,3,2,1,5,5,18,1,1
75,4,65,926,348,290,-10,1,90,110,120,100,30,150,2,3,3,3,2,4,4,16,1,1
323,0,65,927,349,270,60,2,100,110,120,100,40,130,2,3,3,3,2,3,3,14,1,1
71,0,65,928,350,270,30,1,80,140,100,90,110,120,2,4,2,2,3,3,3,17,1,1
99,0,65,929,351,250,75,1,90,110,130,100,30,150,2,3,4,2,1,4,4,18,1,1
203,0,65,930,352,290,-55,2,100,110,150,120,60,140,2,3,4,3,1,4,4,16,1,1
579,32,65,931,353,290,-15,1,80,110,120,100,40,220,2,3,3,3,1,5,5,16,1,1
195,0,65,932,354,330,45,2,110,100,130,90,40,120,3,2,3,2,1,3,3,14,1,1
99,0,65,933,355,250,-35,1,110,130,140,100,10,220,2,3,3,2,1,5,5,18,1,1
323,0,65,934,356,270,5,3,100,120,130,90,50,160,3,3,3,2,1,4,4,17,1,1
75,0,65,935,357,250,-65,2,90,120,100,130,60,160,2,3,2,3,1,4,4,15,1,1
199,0,65,936,358,310,-55,2,116,114,168,145,67,150,2,3,4,3,1,4,4,16,1,0
75,0,4161,937,359,270,-35,1,114,169,154,117,14,224,2,3,3,2,1,5,5,18,1,0
99,0,65,938,360,270,-35,1,118,171,150,104,20,235,2,3,3,2,1,5,5,18,1,0
67,8192,9,939,361,380,15,3,150,160,70,100,90,140,4,4,2,2,2,4,4,18,1,1
7,8192,9,940,362,360,25,1,160,140,60,110,150,120,4,4,1,3,4,3,3,17,1,1
35,8192,9,941,363,340,70,1,120,140,110,100,90,130,3,4,3,3,3,4,4,18,1,1
11,8192,9,942,364,420,40,2,140,120,90,110,100,130,4,3,2,3,3,3,3,14,1,1
131,8192,9,943,365,400,-45,3,150,160,20,120,100,140,4,4,1,3,3,4,4,18,1,1
7,8192,41,944,366,380,25,1,179,154,73,128,163,127,4,4,1,3,4,3,3,17,1,0
131,8192,9,945,367,300,-35,2,130,110,140,120,80,90,3,3,4,3,2,2,2,12,1,1
67,0,9,946,368,320,30,3,140,150,120,100,40,110,4,4,3,2,1,3,3,16,1,1
11,4,9,947,369,320,15,1,140,100,120,110,90,80,4,3,3,3,2,2,2,14,1,1
259,0,9,948,370,300,60,2,150,100,110,130,90,80,4,3,3,4,2,2,2,13,1,1
7,0,9,949,371,300,40,1,130,140,80,120,110,90,4,4,2,3,3,2,2,15,1,1
35,0,9,950,372,280,70,1,150,100,130,110,60,80,4,3,4,3,1,2,2,16,1,1
131,0,9,951,373,320,-55,2,150,120,130,110,60,90,4,3,4,3,1,2,2,14,1,1
19,32,9,952,374,320,5,1,140,110,120,130,40,100,4,3,3,3,1,3,3,15,1,1
67,0,9,953,375,360,50,2,170,100,120,130,60,90,5,2,3,3,1,2,2,12,1,1
67,0,9,954,376,280,-25,1,150,120,110,130,70,90,4,3,3,3,1,3,3,16,1,1
11,0,9,955,377,300,20,3,180,100,110,120,60,90,5,3,3,3,1,2,2,15,1,1
35,0,9,956,378,280,-70,2,160,120,100,110,50,90,4,3,2,3,1,2,2,13,1,1
259,8192,11,957,379,320,-35,2,132,122,183,131,92,94,3,3,4,3,2,2,2,12,1,0
131,0,5,958,380,270,-60,2,100,130,110,140,120,90,2,3,3,4,3,2,2,9,1,1
67,0,5,959,381,290,-5,3,130,150,100,120,90,140,3,4,2,3,2,4,4,14,1,1
11,4,5,960,382,290,-30,1,110,150,60,140,100,120,3,4,1,4,2,3,3,12,1,1
259,0,5,961,383,270,35,2,120,130,80,160,110,100,3,3,2,4,3,2,2,10,1,1
7,0,5,962,384,270,5,1,130,160,90,150,120,100,3,4,1,4,3,2,2,13,1,1
35,0,5,963,385,250,50,1,120,150,100,140,70,130,3,4,3,4,2,3,3,13,1,1
131,0,5,964,386,290,-40,2,120,140,110,130,80,100,3,4,3,4,2,3,3,13,1,1
259,32,5,965,387,290,-30,1,110,120,90,150,100,130,3,3,2,4,2,3,3,12,1,1
67,0,5,966,388,330,20,2,160,120,100,150,90,70,4,3,2,4,2,2,2,10,1,1
67,0,5,967,389,250,-50,1,120,140,90,110,100,150,3,4,2,3,2,4,4,14,1,1
35,0,5,968,390,270,-20,3,120,130,70,150,90,110,4,4,2,4,2,3,3,13,1,1
259,0,5,969,391,250,-80,2,120,160,100,150,110,130,3,4,1,4,2,3,3,11,1,1
19,4,5,970,392,290,-60,2,108,138,130,143,134,117,2,3,3,4,3,2,2,8,1,0
258,0,4097,971,80,500,-100,3,999,999,999,999,999,999,3,1,4,1,4,1,1,9,1,1
1059,16400,517,972,393,360,-55,3,204,321,251,210,119,201,4,5,4,4,2,3,3,16,1,0
143,4128,66049,973,394,360,-45,3,221,224,246,303,204,111,4,4,4,5,3,2,2,11,1,0
83,4104,8258,974,395,370,-40,3,251,294,177,113,99,309,4,4,3,2,2,5,5,15,1,0
1027,8193,81,975,396,380,-50,3,222,183,123,270,217,201,3,3,3,5,3,4,4,10,1,0
323,1026,12059649,976,397,370,-45,3,209,238,131,215,109,345,3,4,3,3,2,5,5,14,1,0
271,2080,1029,977,398,350,-60,3,191,154,252,317,274,66,3,3,5,4,4,2,2,6,1,0
139,1056,6465,978,399,370,-50,3,201,167,226,307,242,91,3,3,3,5,4,3,3,6,1,0
2307,2049,524401,979,400,370,-50,3,172,77,309,231,297,142,3,2,5,3,5,2,2,14,1,0
531,1040,137,980,401,360,-75,3,271,333,166,184,91,287,4,5,2,3,2,5,5,13,1,0
1067,16385,11,981,402,360,-80,3,214,129,365,247,198,197,4,2,5,4,3,2,2,9,1,0
835,2064,2057,982,403,360,-70,3,234,314,249,184,172,219,3,5,4,2,3,4,4,11,1,0
147,8224,66176,983,404,370,-45,3,342,297,78,123,277,96,5,5,2,3,4,2,2,11,1,0
75,4112,1048641,984,405,380,-50,3,160,210,240,210,100,320,3,3,4,3,2,5,5,15,1,0
1059,8194,1033,985,406,360,-95,3,313,289,88,169,186,269,5,4,2,3,2,5,5,13,1,0
35,16386,261,986,407,360,-65,3,222,306,106,281,112,220,4,4,3,4,2,4,4,8,1,0
1158,512,1289,987,265,350,-99,3,206,214,407,321,203,149,3,3,5,5,3,3,3,9,1,0
45,64,16401,988,284,340,99,3,210,226,234,255,274,301,3,3,3,4,4,4,4,8,1,0
3,8,32769,989,71,300,70,1,119,136,130,140,157,100,2,3,3,5,4,4,4,16,1,1
1031,128,4137,990,23,420,-45,4,92,124,207,166,151,89,2,2,5,4,3,2,2,9,1,0
131,1,16393,991,24,430,-10,4,111,178,160,187,118,146,2,3,4,4,3,3,3,10,1,0
771,8194,2113577,992,25,410,55,1,126,142,181,152,139,107,2,3,5,4,4,1,1,7,1,0
35,0,32773,993,40,390,-77,3,151,210,234,172,126,107,3,5,5,5,1,3,3,18,1,0
15,4,769,994,50,410,45,2,120,142,176,221,188,106,3,3,4,5,3,2,2,11,1,0
15,4096,33281,995,51,430,-15,2,132,209,194,156,140,98,3,4,5,3,2,2,2,15,1,0
4099,2,5,996,55,430,35,3,190,92,118,118,142,90,5,2,2,3,3,2,2,12,1,0
4099,32,5,997,56,420,25,3,142,121,109,154,133,133,4,2,3,3,3,2,2,12,1,0
579,72,262153,998,66,420,40,1,107,202,112,142,116,136,3,4,2,3,3,3,3,14,1,0
1027,8,32833,999,76,420,-30,4,122,192,154,187,145,90,2,4,4,3,4,2,2,15,1,0
259,256,69633,1000,87,430,20,1,140,114,165,107,182,99,3,3,4,2,3,3,3,11,1,0
67,256,16450,1001,112,440,-10,1,130,171,134,66,112,228,3,4,3,2,1,5,5,18,1,0
3,4,145,1002,132,420,-10,3,121,172,154,198,146,97,3,3,3,4,3,2,2,11,1,0
11,1,608,1003,144,430,20,4,126,182,171,140,88,182,3,3,4,3,2,4,4,13,1,0
11,1,8736,1004,145,440,-45,1,144,194,169,137,99,151,3,4,4,3,2,3,3,16,1,0
323,1,4640,1005,146,430,-15,1,107,148,120,191,109,217,3,3,2,4,2,5,5,11,1,0
67,64,3073,1006,154,450,-35,2,120,139,186,157,112,170,3,3,3,3,2,4,4,15,1,0
771,8192,7,1007,167,410,50,3,119,146,172,198,184,90,2,2,4,5,4,2,2,9,1,0
11,512,67,1008,180,440,15,1,99,161,120,198,154,113,2,3,3,4,4,2,2,9,1,0
23,0,69696,1009,193,420,20,1,129,197,92,166,143,95,3,5,1,3,5,2,2,15,1,0
67,68,7,1010,203,440,10,4,187,199,124,119,72,164,4,4,2,2,2,4,4,15,1,0
35,4,66624,1011,216,420,25,2,140,162,211,159,104,108,2,3,5,3,3,2,2,13,1,0
2067,128,8257,1012,224,430,-5,1,108,154,171,148,175,119,2,2,5,4,4,2,2,15,1,0
7,1024,137,1013,229,420,0,1,145,192,110,132,117,150,3,4,3,2,3,3,3,14,1,0
1539,0,2054,1014,232,460,-70,4,156,192,119,184,100,132,3,4,3,4,3,2,2,13,1,0
515,0,6,1015,233,430,-15,1,130,162,145,161,142,99,3,4,3,3,3,2,2,13,1,0
515,0,16390,1016,234,440,-20,1,150,150,178,177,140,95,3,3,3,4,3,2,2,13,1,0
259,1536,2053,1017,240,420,15,1,162,99,141,174,148,114,3,2,3,4,3,3,3,15,1,0
35,16384,131,1018,242,400,60,3,190,172,236,177,187,130,3,1,5,3,3,3,3,14,1,0
3,16,1027,1019,244,440,20,1,130,113,184,190,171,97,3,2,4,4,4,1,1,7,1,0
259,0,13,1020,248,400,-10,2,81,97,146,190,139,157,2,2,3,5,2,3,3,6,1,0
131,0,2057,1021,261,430,35,1,99,148,199,160,103,134,2,3,5,4,2,2,2,12,1,0
131,0,13,1022,262,430,-20,1,106,149,182,140,98,154,2,3,4,3,2,3,3,14,1,0
131,0,9,1023,263,440,-45,2,120,162,150,196,110,118,2,3,3,4,2,4,4,12,1,0
131,8,137,1024,264,440,-10,3,120,144,234,199,96,96,2,3,5,4,2,2,2,14,1,0
515,2048,265,1025,273,440,-30,2,166,210,142,154,82,130,3,4,4,3,2,3,3,14,1,0
7,0,17,1026,282,410,25,1,140,131,197,166,138,152,3,3,3,4,4,4,4,11,1,0
7,0,32785,1027,283,420,-25,2,131,151,167,172,140,162,3,4,4,4,3,4,4,14,1,0
7,4,32785,1028,409,400,20,1,116,152,130,172,174,178,3,3,3,4,4,4,4,11,1,0
1027,0,11,1029,291,410,-20,1,154,186,149,213,140,127,3,3,4,4,3,2,2,13,1,0
19,0,2688,1030,296,410,5,3,214,177,89,133,146,94,5,4,2,2,4,1,1,14,1,0
3,32,262161,1031,309,430,15,1,111,166,133,144,199,177,3,2,4,4,2,4,4,14,1,0
3,1024,2177,1032,312,420,50,4,120,64,182,210,152,87,3,1,4,5,4,2,2,9,1,0
67,512,8195,1033,321,430,10,1,130,80,120,182,154,172,3,2,2,3,3,5,5,8,1,0
67,544,16387,1034,322,450,0,1,109,99,154,168,199,124,3,2,3,3,2,5,5,12,1,0
67,512,3,1035,323,440,-15,2,130,176,149,134,96,161,3,3,3,2,2,4,4,11,1,0
3,0,133,1036,326,470,10,1,194,90,201,116,87,152,2,2,5,3,2,3,3,12,1,0
1027,4096,69,1037,327,470,-40,4,184,81,224,172,146,96,3,2,5,3,3,2,2,12,1,0
259,0,21,1038,331,440,-15,1,117,124,164,180,171,94,3,3,4,4,4,1,1,10,1,0
259,0,13,1039,332,420,15,3,122,132,184,163,142,117,3,4,3,3,3,3,3,12,1,0
3,1152,1041,1040,345,460,5,1,161,89,208,172,152,87,4,2,3,3,2,3,3,8,1,0
195,0,131137,1041,358,430,15,3,136,128,196,164,87,180,2,3,4,3,2,4,4,16,1,0
67,0,4161,1042,359,430,-5,1,122,156,184,142,96,192,2,3,4,2,2,5,5,18,1,0
67,0,65,1043,360,440,-10,1,140,194,174,158,20,214,2,4,3,2,2,5,5,18,1,0
3,8192,521,1044,366,430,5,1,194,208,84,164,148,119,4,4,1,3,4,3,3,17,1,0
3,8192,1033,1045,379,420,-10,2,152,196,136,128,148,88,3,3,4,3,2,2,2,12,1,0
3,4,517,1046,392,400,-30,1,127,174,192,160,147,109,3,3,4,4,3,2,2,8,1,0
35,8,32785,1047,71,400,55,3,154,202,118,181,164,120,3,4,2,5,4,3,3,16,1,0
139,4096,9,1048,3,300,55,1,90,100,210,170,120,80,2,2,5,4,3,1,1,8,1,1
387,256,9,1049,4,380,-70,3,70,110,190,120,160,100,2,2,5,3,4,1,1,7,1,1
135,0,521,1050,9,300,25,1,90,120,130,190,160,80,2,3,3,4,4,1,1,9,1,1
163,0,4105,1051,10,280,70,1,80,130,190,170,110,100,1,2,5,4,3,2,2,10,1,1
387,0,4105,1052,13,340,-30,1,60,110,100,210,90,190,2,2,3,4,3,3,3,6,1,1
135,0,4105,1053,14,320,-60,2,80,90,210,180,110,110,1,2,5,4,3,1,1,8,1,1
1163,0,4105,1054,16,280,-75,4,90,90,200,190,120,90,2,2,5,4,3,1,1,8,1,1
139,32,4105,1055,17,320,-20,1,120,80,170,150,110,160,2,2,5,4,3,2,2,9,1,1
135,0,4105,1056,19,360,40,2,150,60,180,170,160,40,3,2,4,4,3,1,1,6,1,1
195,0,4105,1057,20,280,-40,1,100,140,150,110,70,210,1,2,4,3,3,3,3,10,1,1
139,0,4105,1058,21,300,-5,3,170,120,130,140,100,110,3,2,4,4,3,1,1,9,1,1
75,8,1025,1059,147,360,65,1,100,160,110,160,130,100,3,3,2,3,3,4,4,16,1,1
71,0,1025,1060,148,380,30,3,120,180,90,80,80,210,3,4,2,2,2,5,5,16,1,1
83,0,1025,1061,150,400,-10,1,110,150,90,140,100,190,3,3,2,3,2,5,5,16,1,1
75,0,1025,1062,153,420,-15,2,100,120,190,120,100,140,2,3,3,3,2,4,4,14,1,1
395,0,5,1063,161,320,-28,2,100,110,170,190,110,80,2,2,4,5,3,1,1,9,1,1
395,0,5,1064,163,360,65,2,170,110,140,150,120,80,3,2,4,4,3,1,1,8,1,1
283,0,5,1065,165,300,40,3,110,150,150,170,130,70,3,2,4,4,3,1,1,10,1,1
267,0,65,1066,170,300,65,2,80,110,140,210,160,70,2,3,3,5,3,1,1,7,1,1
15,128,65,1067,172,360,-45,3,90,80,170,160,180,80,2,2,4,4,4,1,1,11,1,1
523,0,65,1068,173,320,-10,1,100,130,130,190,140,90,2,3,3,5,3,1,1,9,1,1
267,0,65,1069,174,320,-25,1,110,100,100,190,110,160,2,3,2,5,2,3,3,6,1,1
139,0,65,1070,175,320,-50,2,90,120,190,190,120,70,2,3,4,5,3,1,1,9,1,1
523,2048,65,1071,176,320,5,3,90,140,150,160,140,80,2,3,3,4,3,2,2,10,1,1
15,0,65,1072,177,320,40,1,80,120,130,190,150,100,2,3,3,5,3,2,2,8,1,1
1039,0,65,1073,178,280,-70,4,90,110,170,190,120,70,2,3,4,5,3,1,1,9,1,1
15,0,65,1074,179,360,-20,2,100,110,200,150,130,90,2,3,4,4,3,1,1,9,1,1
519,0,6,1075,230,350,5,1,120,160,100,150,130,100,3,4,2,4,3,2,2,12,1,1
515,16,3,1076,243,300,0,2,140,110,180,120,160,70,1,1,4,4,4,1,1,6,1,1
67,0,5,1077,325,450,-15,2,210,70,160,130,90,130,1,2,5,2,2,2,2,11,1,1
515,0,5,1078,326,470,-15,2,223,74,187,82,100,134,1,2,5,2,2,2,2,11,1,0
131,0,17,1079,333,390,-15,2,140,70,190,140,130,100,3,1,4,3,3,1,1,7,1,1
259,0,17,1080,336,390,70,2,150,80,160,160,130,60,4,1,3,4,3,1,1,7,1,1
35,0,17,1081,338,370,80,1,160,110,190,130,100,90,4,2,4,3,2,2,2,11,1,1
139,0,17,1082,339,410,-35,2,150,100,180,160,110,90,4,2,4,3,2,1,1,9,1,1
515,32,17,1083,340,410,25,1,170,70,150,140,120,110,4,1,3,3,2,2,2,9,1,1
35,0,17,1084,341,450,60,2,200,70,150,140,110,80,5,1,3,3,2,1,1,7,1,1
7,0,17,1085,343,390,35,3,210,110,140,130,90,90,5,2,3,3,2,1,1,10,1,1
35,0,17,1086,344,370,-50,2,160,130,110,160,110,130,4,2,2,3,2,2,2,8,1,1
163,0,12297,1087,5,400,15,3,92,106,191,134,105,122,2,3,4,3,3,3,3,11,1,0
131,0,4105,1088,10,430,70,1,19,84,19,84,19,84,2,2,5,4,3,2,2,11,1,0
387,0,4105,1089,13,450,5,3,5,5,5,5,5,5,3,2,3,3,3,3,3,7,1,0
39,8,8197,1090,29,390,55,3,181,92,181,92,181,92,3,5,4,3,3,3,3,18,1,0
1059,0,133,1091,38,444,-80,4,8,1,22,9,20,6,3,4,5,4,2,3,3,17,1,0
291,1,8197,1092,39,410,-64,2,164,164,164,164,164,164,3,4,4,3,2,4,4,19,1,0
15,4096,513,1093,42,420,-72,1,72,72,72,72,72,72,3,4,4,3,3,2,2,15,1,0
15,4096,4609,1094,43,400,50,3,120,136,174,133,182,87,3,3,4,4,2,3,3,17,1,0
15,4096,1601,1095,51,420,30,3,9,99,199,199,199,9,3,4,4,3,3,2,2,15,1,0
4355,32,16405,1096,56,410,0,1,59,231,59,233,59,59,4,2,3,3,3,2,2,12,1,0
579,64,9,1097,58,410,64,1,98,98,98,98,98,98,4,3,1,3,2,5,5,13,1,0
579,64,1343497,1098,60,420,80,3,69,69,69,69,69,69,4,4,2,2,2,4,4,15,1,0
579,72,131081,1099,66,470,10,1,10,10,10,9,9,9,3,3,3,3,3,3,3,14,1,0
3,8,35073,1100,69,400,50,3,100,180,90,140,70,120,3,4,3,3,3,3,3,17,1,0
7,8,40961,1101,71,410,-30,3,130,90,180,150,120,110,2,3,4,5,3,4,4,16,1,0
11,16,32833,1102,71,420,78,4,78,78,78,78,78,78,2,3,3,5,4,4,4,16,1,0
3,8,33281,1103,72,430,-20,3,99,171,75,99,170,78,2,3,3,3,4,3,3,12,1,0
3,16384,32785,1104,75,410,-60,4,110,194,120,162,136,80,3,4,3,3,3,3,3,16,1,0
259,264,20481,1105,79,432,0,1,8,16,32,64,128,256,3,2,5,2,4,2,2,12,1,0
275,257,8392705,1106,82,390,80,3,500,150,20,8,100,5,3,2,4,2,3,3,3,11,1,0
75,0,4162,1107,88,460,20,4,16,16,16,16,16,16,2,4,4,3,2,3,3,14,1,0
67,32,278594,1108,91,460,60,3,17,17,17,17,17,17,3,5,3,2,2,4,4,17,1,0
67,8,65602,1109,91,410,40,2,120,200,100,120,80,120,3,5,3,2,2,4,4,17,1,0
67,544,66,1110,101,440,22,3,22,22,22,22,22,22,3,4,4,3,1,4,4,18,1,0
3,0,66,1111,104,450,55,4,55,55,55,55,55,55,3,4,4,2,1,4,4,16,1,0
3,4,17,1112,120,420,86,2,86,86,86,86,86,86,4,3,2,3,3,3,3,14,1,0
11,2049,33312,1113,139,420,-30,1,138,142,136,120,84,130,4,3,3,3,2,3,3,12,1,0
11,16385,800,1114,140,410,65,3,114,122,129,138,142,105,3,3,4,3,2,4,4,14,1,0
11,1,37408,1115,143,430,-30,3,116,102,177,120,90,128,3,3,4,3,1,4,4,13,1,0
11,1024,70176,1116,144,390,50,1,140,104,210,130,118,144,3,3,4,3,2,4,4,14,1,0
11,8193,33316,1117,145,410,-80,3,106,124,217,151,110,124,3,3,5,3,2,3,3,16,1,0
67,0,1281,1118,151,410,0,3,161,101,171,141,41,101,3,3,3,3,2,4,4,15,1,0
835,4,2053,1119,167,430,75,1,101,101,101,101,101,101,3,2,4,4,4,2,2,9,1,0
11,0,81,1120,171,450,17,3,17,17,17,17,17,17,2,3,3,4,3,3,3,8,1,0
11,2,2113,1121,175,420,20,1,164,64,164,164,164,64,3,2,4,4,3,2,2,10,1,0
7,64,69635,1122,191,420,34,3,34,346,34,34,34,34,4,5,2,3,3,3,3,14,1,0
23,0,69824,1123,193,444,45,4,16,16,16,16,16,16,3,4,1,3,5,2,2,15,1,0
579,68,7,1124,203,450,30,3,3,2,6,3,2,6,4,4,2,2,2,4,4,15,1,0
35,0,66592,1125,205,430,44,3,88,88,88,88,88,88,2,4,4,2,2,4,4,17,1,0
1059,0,82944,1126,209,430,80,4,19,99,92,19,99,97,2,4,5,3,2,3,3,17,1,0
2059,128,1056833,1127,219,410,80,3,123,123,123,123,123,123,2,2,5,3,4,2,2,17,1,0
515,128,262,1128,234,450,78,1,78,78,78,78,78,78,3,4,3,3,4,2,2,13,1,0
291,1536,1029,1129,240,400,25,1,50,50,100,100,200,400,3,2,3,4,3,3,3,15,1,0
131,2,521,1130,262,420,0,3,96,96,220,96,96,96,2,3,5,3,2,3,3,14,1,0
523,2048,1033,1131,271,460,8,4,8,8,8,8,8,8,3,4,4,2,2,3,3,16,1,0
7,0,262161,1132,275,1,-77,2,777,111,111,111,111,777,1,1,1,1,1,1,1,14,1,0
3,32,8209,1133,301,400,50,2,100,100,100,100,100,100,3,3,3,4,3,3,3,14,1,0
195,516,8211,1134,321,450,-20,1,10,10,10,10,10,10,3,3,2,3,3,5,5,8,1,0
67,516,32771,1135,322,450,55,1,55,55,55,55,55,55,3,2,3,3,2,5,5,12,1,0
1059,4096,13,1136,327,470,47,3,47,47,47,47,47,47,2,3,4,3,2,4,4,13,1,0
259,0,196645,1137,330,440,-30,1,14,2,1,2,12,7,3,3,3,4,5,1,1,9,1,0
139,0,8233,1138,2,390,-60,1,117,134,212,191,154,93,3,3,5,4,3,2,2,12,1,0
1063,0,32773,1139,38,400,-80,4,144,159,210,164,82,101,3,4,5,4,2,3,3,17,1,0
4099,32,517,1140,54,410,25,3,177,91,141,131,117,100,4,2,3,3,3,2,2,13,1,0
3,8,32897,1141,67,400,-35,1,109,164,162,164,104,89,3,4,4,3,3,2,2,17,1,0
79,8,131138,1142,91,360,60,4,139,209,152,89,66,189,3,5,4,2,2,4,4,17,1,0
330,0,32834,1143,97,410,-25,1,148,148,103,175,117,115,3,4,3,3,2,4,4,18,1,0
3,4,8388625,1144,114,400,-65,1,114,133,133,148,126,104,3,4,3,4,3,3,3,15,1,0
1039,1,2097696,1145,137,400,-50,4,162,195,173,170,62,211,3,5,3,3,1,5,5,14,1,0
1091,0,1153,1146,152,400,-65,4,151,136,147,164,107,194,3,3,3,4,2,5,5,15,1,0
133,0,69640,1147,181,390,50,3,109,124,161,174,143,104,2,3,3,3,5,2,2,13,1,0
518,0,69664,1148,189,370,-60,1,195,181,201,185,196,248,4,3,2,3,4,3,3,13,1,0
3,0,67,1149,195,410,50,3,149,167,72,80,65,151,4,4,2,2,2,4,4,17,1,0
41,4,99332,1150,206,360,50,3,214,210,206,183,235,207,2,4,4,3,4,3,3,13,1,0
161,0,66816,1151,210,390,50,3,93,126,160,198,122,89,2,3,5,4,2,3,3,13,1,0
35,0,101376,1152,213,370,10,3,119,130,167,111,88,162,3,3,4,3,2,4,4,17,1,0
23,1056,4105,1153,228,410,15,1,177,198,105,109,96,138,4,4,3,2,2,3,3,16,1,0
2,16,515,1154,243,370,-40,1,183,131,130,192,186,183,3,2,3,3,4,3,3,7,1,0
130,32,265,1155,256,380,-99,1,173,177,201,216,171,205,2,3,5,4,2,3,3,12,1,0
1035,0,19,1156,286,400,-90,3,112,181,206,200,103,82,3,4,5,4,2,2,2,15,1,0
1027,0,7,1157,290,400,-90,4,127,108,182,178,101,68,3,3,5,5,2,2,2,13,1,0
1043,0,66176,1158,293,410,-80,4,188,181,63,91,176,70,4,4,3,3,4,1,1,14,1,0
67,512,11,1159,313,420,40,3,117,111,90,97,118,198,3,3,2,2,2,5,5,13,1,0
139,0,273,1160,333,430,-15,1,166,75,181,144,134,75,4,2,4,3,3,2,2,8,1,0
97,0,1081409,1161,351,360,25,1,116,146,75,177,148,137,3,3,4,2,2,4,4,13,1,0
259,0,135181,1162,37,390,0,1,199,112,140,199,112,140,3,4,3,4,2,4,4,14,1,0
67,0,4162,1163,89,410,-90,3,136,242,81,145,48,129,4,5,3,2,1,4,4,18,1,0
1091,0,1090,1164,105,420,-77,3,19,99,7,100,10,72,3,5,3,3,2,4,4,16,1,0
3,1,262688,1165,141,420,10,1,158,221,149,165,82,44,3,3,2,4,3,4,4,11,1,0
195,128,8257,1166,358,450,-15,2,15,15,15,15,15,15,2,3,4,3,2,4,4,15,1,0
35,8192,9,1167,365,480,48,2,48,48,48,48,48,48,4,4,1,3,3,4,4,19,1,0
129,0,1545,1168,1,410,-50,3,79,123,102,113,174,76,2,2,5,4,4,1,1,7,1,0
33,0,69,1169,27,390,25,1,97,111,136,148,98,93,3,5,5,3,2,3,3,17,1,0
98,0,269,1170,30,400,-25,3,93,152,153,116,74,92,3,5,4,2,2,4,4,19,1,0
2,8,32801,1171,68,410,-25,1,117,132,101,164,162,130,2,3,3,4,4,3,3,16,1,0
9,1,1573408,1172,137,380,25,4,103,87,73,105,69,56,3,4,3,3,1,5,5,12,1,0
33,0,67072,1173,209,390,99,1,78,76,126,152,56,63,2,4,5,3,2,3,3,13,1,0
34,16384,19,1174,241,410,-75,3,87,85,90,118,79,54,3,1,5,3,3,3,3,11,1,0
518,2048,25,1175,268,410,-10,1,103,134,80,112,85,47,4,4,3,2,3,2,2,11,1,0
2,0,21,1176,344,430,-51,1,164,126,89,148,87,78,4,3,2,3,2,3,3,13,1,0
77,0,4169,1177,355,400,-50,1,80,100,61,155,59,145,3,3,3,2,2,5,5,13,1,0
130,0,73,1178,373,410,-50,1,159,192,84,108,73,90,4,3,4,3,2,2,2,13,1,0
1027,0,66576,1179,215,420,-70,3,140,219,74,144,90,133,3,4,3,3,3,3,3,15,1,0
0,8,294929,1180,67,430,-9,1,9,9,9,9,9,9,2,4,4,3,4,2,2,17,1,0
1035,136,41473,1181,73,380,14,3,73,163,300,160,110,160,3,4,5,4,2,2,2,15,1,0
11,0,705,1182,171,444,4,3,4,4,4,4,4,4,2,3,3,4,4,2,2,8,1,0
7,0,77824,1183,185,430,12,1,12,12,12,12,12,12,3,4,1,3,5,2,2,15,1,0
7,0,70656,1184,186,399,99,1,99,99,99,99,99,99,3,4,3,3,4,2,2,16,1,0
259,4,65605,1185,236,460,21,2,21,21,21,21,21,21,3,2,3,4,4,2,2,14,1,0
263,0,1061,1186,238,410,33,4,1,100,100,100,100,100,4,2,2,4,4,2,2,15,1,0
515,32,2065,1187,308,430,8,2,150,100,1,240,90,100,3,3,3,4,2,4,4,14,1,0
3,0,12297,1188,378,450,16,1,16,16,16,16,16,16,4,3,3,3,3,2,2,16,1,0
71,0,22594,1189,103,450,13,3,13,13,13,13,13,13,3,4,3,3,2,4,4,13,1,0
519,128,49,1190,278,456,7,3,7,7,7,7,7,7,3,2,4,4,4,3,3,13,1,0
1027,0,517,1191,40,466,-66,3,6,6,6,6,6,6,3,4,5,4,3,3,3,18,1,0
11,1,33316,1192,144,400,-50,3,148,207,78,124,131,160,3,4,2,3,3,4,4,14,1,0
515,8,132097,1193,147,430,49,1,49,49,49,49,49,49,3,2,4,3,3,3,3,18,1,0
67,0,65,1194,355,420,0,3,149,149,149,149,149,149,3,3,3,2,2,5,5,18,1,0
323,1,16928,1195,146,410,13,3,111,234,56,78,99,99,3,4,3,3,2,4,4,13,1,0
259,128,7,1196,332,440,10,3,98,76,54,3,2,1,3,4,3,3,3,3,3,10,1,0
275,0,69,1197,246,410,5,1,55,55,55,55,55,55,3,2,2,5,2,5,5,7,1,0
35,8194,53,1198,304,460,0,3,1,2,3,4,5,6,3,3,3,4,2,4,4,14,1,0
4115,0,23,1199,52,420,6,3,66,66,66,66,66,66,3,2,3,3,3,3,3,10,1,0
1059,16400,2053,1200,393,360,-55,3,214,234,301,204,167,186,4,4,5,4,2,3,3,16,1,0
143,4128,8705,1201,394,360,-45,3,194,206,306,257,227,119,4,3,5,5,3,2,2,11,1,0
83,4104,322,1202,395,370,-40,3,251,307,165,126,120,274,4,5,3,2,2,4,4,15,1,0
1027,8193,4194321,1203,396,380,-50,3,163,136,191,264,240,222,3,3,4,4,4,3,3,10,1,0
323,1026,132097,1204,397,360,-45,3,200,171,227,204,141,304,3,3,4,3,3,4,4,14,1,0
271,2080,517,1205,398,350,-60,3,194,211,178,264,308,99,3,4,3,4,5,2,2,6,1,0
139,1056,1089,1206,399,360,-50,3,190,209,157,301,269,108,3,4,3,4,4,3,3,6,1,0
2307,2049,131137,1207,400,360,-50,3,190,234,164,217,302,121,3,4,3,3,4,3,3,14,1,0
531,1040,2057,1208,401,360,-75,3,259,314,144,225,144,246,4,5,2,3,3,4,4,13,1,0
1067,16385,259,1209,402,360,-80,3,234,167,317,256,234,142,4,2,5,3,4,2,2,9,1,0
835,2064,1033,1210,403,370,-70,3,263,234,290,177,204,204,4,4,5,2,3,3,3,11,1,0
147,8224,1664,1211,404,370,-45,3,288,316,93,104,246,166,4,5,2,3,4,3,3,11,1,0
75,4112,2113,1212,405,380,-50,3,170,250,180,190,150,300,3,4,3,3,2,5,5,15,1,0
1059,8194,41,1213,406,370,-95,3,306,230,191,181,179,227,4,4,4,3,2,4,4,13,1,0
35,16386,2053,1214,407,350,-65,3,195,210,214,269,173,186,4,3,4,4,3,3,3,8,1,0
131,1,41,1215,24,400,17,3,223,158,48,89,54,85,2,4,2,3,4,3,3,7,1,0
259,256,36865,1216,78,390,-75,2,20,201,224,20,201,224,5,3,4,2,3,2,2,12,1,0
7,128,131089,1217,278,420,-30,3,202,10,101,202,10,101,3,3,4,2,5,3,3,11,1,0
259,256,69633,1218,410,460,40,1,124,82,129,111,134,55,3,2,3,2,4,1,1,11,1,1
259,256,4609,1219,410,440,35,1,101,85,128,96,151,54,2,1,4,2,4,1,1,8,1,1
259,256,4097,1220,410,460,-10,3,90,128,191,75,110,114,3,3,4,1,3,3,3,13,1,1
1283,256,4161,1221,410,420,-90,4,90,78,171,115,130,54,3,2,4,3,3,1,1,11,1,1
259,256,4097,1222,410,460,-45,1,73,69,134,107,143,128,3,1,3,3,3,3,3,8,1,1
67,0,16450,1223,411,330,-20,1,142,142,122,44,103,181,3,4,3,1,1,5,5,18,1,1
35,256,2097218,1224,411,430,-70,3,99,145,114,61,82,158,2,3,3,1,2,3,3,14,1,1
67,0,66,1225,411,350,-30,2,104,158,148,107,90,123,2,4,4,2,2,3,3,14,1,1
23,0,69696,1226,412,320,45,1,94,142,76,112,153,42,3,5,1,3,5,1,1,15,1,1
23,0,69632,1227,412,300,75,1,107,147,107,124,153,66,3,4,3,3,4,2,2,16,1,1
7,0,69632,1228,412,380,55,2,133,122,100,120,151,86,4,3,2,3,4,1,1,12,1,1
67,68,3,1229,413,440,-15,4,156,146,98,95,58,177,4,4,2,2,1,4,4,15,1,1
67,128,7,1230,413,440,-20,3,177,121,130,104,111,133,4,3,3,2,3,3,3,16,1,1
131,32,32771,1231,413,380,30,1,160,151,99,118,82,131,4,3,2,3,1,3,3,15,1,1
2067,128,32833,1232,414,430,25,1,82,92,189,159,162,102,2,2,5,4,4,2,2,15,1,1
2067,128,65,1233,414,430,-60,2,78,89,153,134,198,140,2,2,4,3,5,3,3,15,1,1
2067,128,8257,1234,414,390,65,1,88,103,186,125,154,97,2,2,5,3,4,2,2,17,1,1
1539,0,2054,1235,415,330,-90,4,123,153,128,173,116,98,3,4,3,4,3,2,2,13,1,1
515,0,4102,1236,415,370,5,1,120,167,91,134,110,89,3,4,2,4,3,2,2,13,1,1
1539,0,16390,1237,415,330,-90,4,132,151,130,172,111,99,3,4,3,4,3,2,2,13,1,1
